HTS Code,Hs header,Indicative Description
01051122,"Live poultry, that is to say, fowls of the species Gallus domesticus, ducks, geese, turkeys and guinea fowls.",Weighing not more than 185 g: Fowls of the species Gallus domesticus - Broilers for domestic production: Over access commitment
01059492,"Live poultry, that is to say, fowls of the species Gallus domesticus, ducks, geese, turkeys and guinea fowls.",Other: Fowls of the species Gallus domesticus - Other: Over access commitment
01059912,"Live poultry, that is to say, fowls of the species Gallus domesticus, ducks, geese, turkeys and guinea fowls.",Other: Other - Turkeys: Over access commitment
02071191,"Meat and edible offal, of the poultry of heading 01.05, fresh, chilled or frozen.","Of fowls of the species Gallus domesticus: Not cut in pieces, fresh or chilled - Other: Within access commitment"
02071192,"Meat and edible offal, of the poultry of heading 01.05, fresh, chilled or frozen.","Of fowls of the species Gallus domesticus: Not cut in pieces, fresh or chilled - Other: Over access commitment"
02071291,"Meat and edible offal, of the poultry of heading 01.05, fresh, chilled or frozen.","Of fowls of the species Gallus domesticus: Not cut in pieces, frozen - Other: Within access commitment"
02071292,"Meat and edible offal, of the poultry of heading 01.05, fresh, chilled or frozen.","Of fowls of the species Gallus domesticus: Not cut in pieces, frozen - Other: Over access commitment"
02071392,"Meat and edible offal, of the poultry of heading 01.05, fresh, chilled or frozen.","Of fowls of the species Gallus domesticus: Cuts and offal, fresh or chilled - Other: Over access commitment, bone in"
02071393,"Meat and edible offal, of the poultry of heading 01.05, fresh, chilled or frozen.","Of fowls of the species Gallus domesticus: Cuts and offal, fresh or chilled - Other: Over access commitment, boneless"
02071421,"Meat and edible offal, of the poultry of heading 01.05, fresh, chilled or frozen.","Of fowls of the species Gallus domesticus: Cuts and offal, frozen - Livers: Within access commitment"
02071422,"Meat and edible offal, of the poultry of heading 01.05, fresh, chilled or frozen.","Of fowls of the species Gallus domesticus: Cuts and offal, frozen - Livers: Over access commitment"
02071491,"Meat and edible offal, of the poultry of heading 01.05, fresh, chilled or frozen.","Of fowls of the species Gallus domesticus: Cuts and offal, frozen - Other: Within access commitment"
02071492,"Meat and edible offal, of the poultry of heading 01.05, fresh, chilled or frozen.","Of fowls of the species Gallus domesticus: Cuts and offal, frozen - Other: Over access commitment, bone in"
02071493,"Meat and edible offal, of the poultry of heading 01.05, fresh, chilled or frozen.","Of fowls of the species Gallus domesticus: Cuts and offal, frozen - Other: Over access commitment, boneless"
02072411,"Meat and edible offal, of the poultry of heading 01.05, fresh, chilled or frozen.","Of turkeys: Not cut in pieces, fresh or chilled - Canner pack: Within access commitment"
02072412,"Meat and edible offal, of the poultry of heading 01.05, fresh, chilled or frozen.","Of turkeys: Not cut in pieces, fresh or chilled - Canner pack: Over access commitment"
02072491,"Meat and edible offal, of the poultry of heading 01.05, fresh, chilled or frozen.","Of turkeys: Not cut in pieces, fresh or chilled - Other: Within access commitment"
02072492,"Meat and edible offal, of the poultry of heading 01.05, fresh, chilled or frozen.","Of turkeys: Not cut in pieces, fresh or chilled - Other: Over access commitment"
02072511,"Meat and edible offal, of the poultry of heading 01.05, fresh, chilled or frozen.","Of turkeys: Not cut in pieces, frozen - Canner pack: Within access commitment"
02072512,"Meat and edible offal, of the poultry of heading 01.05, fresh, chilled or frozen.","Of turkeys: Not cut in pieces, frozen - Canner pack: Over access commitment"
02072591,"Meat and edible offal, of the poultry of heading 01.05, fresh, chilled or frozen.","Of turkeys: Not cut in pieces, frozen - Other: Within access commitment"
02072592,"Meat and edible offal, of the poultry of heading 01.05, fresh, chilled or frozen.","Of turkeys: Not cut in pieces, frozen - Other: Over access commitment"
02072620,"Meat and edible offal, of the poultry of heading 01.05, fresh, chilled or frozen.","Of turkeys: Cuts and offal, fresh or chilled - Over access commitment, bone in"
02072630,"Meat and edible offal, of the poultry of heading 01.05, fresh, chilled or frozen.","Of turkeys: Cuts and offal, fresh or chilled - Over access commitment, boneless"
02072711,"Meat and edible offal, of the poultry of heading 01.05, fresh, chilled or frozen.","Of turkeys: Cuts and offal, frozen - Livers: Within access commitment"
02072712,"Meat and edible offal, of the poultry of heading 01.05, fresh, chilled or frozen.","Of turkeys: Cuts and offal, frozen - Livers: Over access commitment"
02072791,"Meat and edible offal, of the poultry of heading 01.05, fresh, chilled or frozen.","Of turkeys: Cuts and offal, frozen - Other: Within access commitment"
02072792,"Meat and edible offal, of the poultry of heading 01.05, fresh, chilled or frozen.","Of turkeys: Cuts and offal, frozen - Other: Over access commitment, bone in"
02072793,"Meat and edible offal, of the poultry of heading 01.05, fresh, chilled or frozen.","Of turkeys: Cuts and offal, frozen - Other: Over access commitment, boneless"
02099010,"Pig fat, free of lean meat, and poultry fat, not rendered or otherwise extracted, fresh, chilled, frozen, salted, in brine, dried or smoked.","Other - Fat of fowls of the species Gallus domesticus, within access commitment"
02099020,"Pig fat, free of lean meat, and poultry fat, not rendered or otherwise extracted, fresh, chilled, frozen, salted, in brine, dried or smoked.","Other - Fat of fowls of the species Gallus domesticus, over access commitment"
02099030,"Pig fat, free of lean meat, and poultry fat, not rendered or otherwise extracted, fresh, chilled, frozen, salted, in brine, dried or smoked.","Other - Fat of turkeys, within access commitment"
02099040,"Pig fat, free of lean meat, and poultry fat, not rendered or otherwise extracted, fresh, chilled, frozen, salted, in brine, dried or smoked.","Other - Fat of turkeys, over access commitment"
02099090,"Pig fat, free of lean meat, and poultry fat, not rendered or otherwise extracted, fresh, chilled, frozen, salted, in brine, dried or smoked.",Other - Other
02109911,"Meat and edible meat offal, salted, in brine, dried or smoked; edible flours and meals of meat or meat offal.","Other, including edible flours and meals of meat or meat offal: Other - Meat of poultry: Of fowls of the species Gallus domesticus, within access commitment"
02109912,"Meat and edible meat offal, salted, in brine, dried or smoked; edible flours and meals of meat or meat offal.","Other, including edible flours and meals of meat or meat offal: Other - Meat of poultry: Of fowls of the species Gallus domesticus, over access commitment, bone in"
02109913,"Meat and edible meat offal, salted, in brine, dried or smoked; edible flours and meals of meat or meat offal.","Other, including edible flours and meals of meat or meat offal: Other - Meat of poultry: Of fowls of the species Gallus domesticus, over access commitment, boneless"
02109914,"Meat and edible meat offal, salted, in brine, dried or smoked; edible flours and meals of meat or meat offal.","Other, including edible flours and meals of meat or meat offal: Other - Meat of poultry: Of turkeys, within access commitment"
02109915,"Meat and edible meat offal, salted, in brine, dried or smoked; edible flours and meals of meat or meat offal.","Other, including edible flours and meals of meat or meat offal: Other - Meat of poultry: Of turkeys, over access commitment, bone in"
02109916,"Meat and edible meat offal, salted, in brine, dried or smoked; edible flours and meals of meat or meat offal.","Other, including edible flours and meals of meat or meat offal: Other - Meat of poultry: Of turkeys, over access commitment, boneless"
04011020,"Milk and cream, not concentrated nor containing added sugar or other sweetening matter.","Of a fat content, by weight, not exceeding 1% - Over access commitment"
04012020,"Milk and cream, not concentrated nor containing added sugar or other sweetening matter.","Of a fat content, by weight, exceeding 1% but not exceeding 6% - Over access commitment"
04014020,"Milk and cream, not concentrated nor containing added sugar or other sweetening matter.","Of a fat content, by weight, exceeding 6% but not exceeding 10% - Over access commitment"
04015020,"Milk and cream, not concentrated nor containing added sugar or other sweetening matter.","Of a fat content, by weight, exceeding 10% - Over access commitment"
04021020,"Milk and cream, concentrated or containing added sugar or other sweetening matter.","In powder, granules or other solid forms, of a fat content, by weight, not exceeding 1.5% - Over access commitment"
04022112,"Milk and cream, concentrated or containing added sugar or other sweetening matter.","In powder, granules or other solid forms, of a fat content, by weight, exceeding 1.5%: Not containing added sugar or other sweetening matter - Milk: Over access commitment"
04022122,"Milk and cream, concentrated or containing added sugar or other sweetening matter.","In powder, granules or other solid forms, of a fat content, by weight, exceeding 1.5%: Not containing added sugar or other sweetening matter - Cream: Over access commitment"
04022912,"Milk and cream, concentrated or containing added sugar or other sweetening matter.","In powder, granules or other solid forms, of a fat content, by weight, exceeding 1.5%: Other - Milk: Over access commitment"
04022922,"Milk and cream, concentrated or containing added sugar or other sweetening matter.","In powder, granules or other solid forms, of a fat content, by weight, exceeding 1.5%: Other - Cream: Over access commitment"
04029120,"Milk and cream, concentrated or containing added sugar or other sweetening matter.",Other: Not containing added sugar or other sweetening matter - Over access commitment
04029920,"Milk and cream, concentrated or containing added sugar or other sweetening matter.",Other: Other - Over access commitment
04032010,"Yogurt; buttermilk, curdled milk and cream, kephir and other fermented or acidified milk and cream, whether or not concentrated or containing added sugar or other sweetening matter or flavoured or containing added fruit, nuts or cocoa.","Yogurt - Containing chocolate, spices, coffee or coffee extracts, plants, parts of plants, cereals or bakers' wares, provided that any added substance is not used for the purpose of replacing, in whole or in part, any milk constituent, and the product retains the essential character of yogurt, put up for retail sale"
04032031,"Yogurt; buttermilk, curdled milk and cream, kephir and other fermented or acidified milk and cream, whether or not concentrated or containing added sugar or other sweetening matter or flavoured or containing added fruit, nuts or cocoa.","Yogurt - Over access commitment: Containing chocolate, spices, coffee or coffee extracts, plants, parts of plants, cereals or bakers' wares, provided that any added substance is not used for the purpose of replacing, in whole or in part, any milk constituent, and the product retains the essential character of yogurt, not put up for retail sale"
04032039,"Yogurt; buttermilk, curdled milk and cream, kephir and other fermented or acidified milk and cream, whether or not concentrated or containing added sugar or other sweetening matter or flavoured or containing added fruit, nuts or cocoa.",Yogurt - Over access commitment: Other
04039012,"Yogurt; buttermilk, curdled milk and cream, kephir and other fermented or acidified milk and cream, whether or not concentrated or containing added sugar or other sweetening matter or flavoured or containing added fruit, nuts or cocoa.",Other - Powdered buttermilk: Over access commitment
04039092,"Yogurt; buttermilk, curdled milk and cream, kephir and other fermented or acidified milk and cream, whether or not concentrated or containing added sugar or other sweetening matter or flavoured or containing added fruit, nuts or cocoa.",Other - Other: Over access commitment
04041010,"Whey, whether or not concentrated or containing added sugar or other sweetening matter; products consisting of natural milk constituents, whether or not containing added sugar or other sweetening matter, not elsewhere specified or included.","Whey and modified whey, whether or not concentrated or containing added sugar or other sweetening matter - Whey protein concentrate"
04041022,"Whey, whether or not concentrated or containing added sugar or other sweetening matter; products consisting of natural milk constituents, whether or not containing added sugar or other sweetening matter, not elsewhere specified or included.","Whey and modified whey, whether or not concentrated or containing added sugar or other sweetening matter - Powdered whey: Over access commitment"
04041090,"Whey, whether or not concentrated or containing added sugar or other sweetening matter; products consisting of natural milk constituents, whether or not containing added sugar or other sweetening matter, not elsewhere specified or included.","Whey and modified whey, whether or not concentrated or containing added sugar or other sweetening matter - Other"
04049020,"Whey, whether or not concentrated or containing added sugar or other sweetening matter; products consisting of natural milk constituents, whether or not containing added sugar or other sweetening matter, not elsewhere specified or included.",Other - Over access commitment
04051020,Butter and other fats and oils derived from milk; dairy spreads.,Butter - Over access commitment
04052020,Butter and other fats and oils derived from milk; dairy spreads.,Dairy spreads - Over access commitment
04059020,Butter and other fats and oils derived from milk; dairy spreads.,Other - Over access commitment
04061020,Cheese and curd.,"Fresh (unripened or uncured) cheese, including whey cheese, and curd - Over access commitment"
04062012,Cheese and curd.,"Grated or powdered cheese, of all kinds - Cheddar and Cheddar types: Over access commitment"
04062092,Cheese and curd.,"Grated or powdered cheese, of all kinds - Other: Over access commitment"
04063020,Cheese and curd.,"Processed cheese, not grated or powdered - Over access commitment"
04064020,Cheese and curd.,Blue-veined cheese and other cheese containing veins produced by Penicillium roqueforti - Over access commitment
04069012,Cheese and curd.,Other cheese - Cheddar and Cheddar types: Over access commitment
04069022,Cheese and curd.,Other cheese - Camembert and Camembert types: Over access commitment
04069032,Cheese and curd.,Other cheese - Brie and Brie types: Over access commitment
04069042,Cheese and curd.,Other cheese - Gouda and Gouda types: Over access commitment
04069052,Cheese and curd.,Other cheese - Provolone and Provolone types: Over access commitment
04069062,Cheese and curd.,Other cheese - Mozzarella and Mozzarella types: Over access commitment
04069072,Cheese and curd.,Other cheese - Swiss/Emmental and Swiss/Emmental types: Over access commitment
04069082,Cheese and curd.,Other cheese - Gruyère and Gruyère types: Over access commitment
04069092,Cheese and curd.,"Other cheese - Other: Havarti and Havarti types, over access commitment"
04069094,Cheese and curd.,"Other cheese - Other: Parmesan and Parmesan types, over access commitment"
04069096,Cheese and curd.,"Other cheese - Other: Romano and Romano types, over access commitment"
04069099,Cheese and curd.,"Other cheese - Other: Other, over access commitment"
04071112,"Birds' eggs, in shell, fresh, preserved or cooked.","Fertilized eggs for incubation: Of fowls of the species Gallus domesticus - Hatching, for broilers: Over access commitment"
04071192,"Birds' eggs, in shell, fresh, preserved or cooked.",Fertilized eggs for incubation: Of fowls of the species Gallus domesticus - Other: Over access commitment
04072120,"Birds' eggs, in shell, fresh, preserved or cooked.",Other fresh eggs: Of fowls of the species Gallus domesticus - Over access commitment
04079011,"Birds' eggs, in shell, fresh, preserved or cooked.",Other - Of the fowls of the species Gallus domesticus: Within access commitment
04079012,"Birds' eggs, in shell, fresh, preserved or cooked.",Other - Of the fowls of the species Gallus domesticus: Over access commitment
04081120,"Birds' eggs, not in shell, and egg yolks, fresh, dried, cooked by steaming or by boiling in water, moulded, frozen or otherwise preserved, whether or not containing added sugar or other sweetening matter.",Egg yolks: Dried - Over access commitment
04081910,"Birds' eggs, not in shell, and egg yolks, fresh, dried, cooked by steaming or by boiling in water, moulded, frozen or otherwise preserved, whether or not containing added sugar or other sweetening matter.",Egg yolks: Other - Within access commitment
04081920,"Birds' eggs, not in shell, and egg yolks, fresh, dried, cooked by steaming or by boiling in water, moulded, frozen or otherwise preserved, whether or not containing added sugar or other sweetening matter.",Egg yolks: Other - Over access commitment
04089910,"Birds' eggs, not in shell, and egg yolks, fresh, dried, cooked by steaming or by boiling in water, moulded, frozen or otherwise preserved, whether or not containing added sugar or other sweetening matter.",Other: Other - Within access commitment
04089920,"Birds' eggs, not in shell, and egg yolks, fresh, dried, cooked by steaming or by boiling in water, moulded, frozen or otherwise preserved, whether or not containing added sugar or other sweetening matter.",Other: Other - Over access commitment
04090000,Natural honey.,
07020010,"Tomatoes, fresh or chilled.",For processing
07020021,"Tomatoes, fresh or chilled.","Cherry tomatoes, other than for processing: Imported during such period, which may be divided into two separate periods, specified by order of the Minister of Public Safety and Emergency Preparedness or the President of the Canada Border Services Agency, not exceeding a total of 32 weeks in any 12 month period ending 31st March"
07020029,"Tomatoes, fresh or chilled.","Cherry tomatoes, other than for processing: Other"
07020091,"Tomatoes, fresh or chilled.","Other: Imported during such period, which may be divided into two separate periods, specified by order of the Minister of Public Safety and Emergency Preparedness or the President of the Canada Border Services Agency, not exceeding a total of 32 weeks in any 12 month period ending 31st March"
07020099,"Tomatoes, fresh or chilled.",Other: Other
07082030,"Leguminous vegetables, shelled or unshelled, fresh or chilled.","Beans (Vigna spp., Phaseolus spp.) - Other snap beans"
07082090,"Leguminous vegetables, shelled or unshelled, fresh or chilled.","Beans (Vigna spp., Phaseolus spp.) - Other"
08029900,"Other nuts, fresh or dried, whether or not shelled or peeled.",Other: Other
08051000,"Citrus fruit, fresh or dried.",Oranges
08052100,"Citrus fruit, fresh or dried.","Mandarins (including tangerines and satsumas); clementines, wilkings and similar citrus hybrids: Mandarins (including tangerines and satsumas)"
08052200,"Citrus fruit, fresh or dried.","Mandarins (including tangerines and satsumas); clementines, wilkings and similar citrus hybrids: Clementines"
08052900,"Citrus fruit, fresh or dried.","Mandarins (including tangerines and satsumas); clementines, wilkings and similar citrus hybrids: Other"
08054000,"Citrus fruit, fresh or dried.",Grapefruit and pomelos
08055000,"Citrus fruit, fresh or dried.","Lemons (Citrus limon, Citrus limonum) and limes (Citrus aurantifolia, Citrus latifolia)"
08071100,"Melons (including watermelons) and papaws (papayas), fresh.",Melons (including watermelons): Watermelons
08093010,"Apricots, cherries, peaches (including nectarines), plums and sloes, fresh.","Peaches, including nectarines - Peaches, not including nectarines, for processing"
08093021,"Apricots, cherries, peaches (including nectarines), plums and sloes, fresh.","Peaches, including nectarines - Other peaches, in their natural state, not including nectarines: Imported during such period specified by order of the Minister of Public Safety and Emergency Preparedness or the President of the Canada Border Services Agency, not exceeding 14 weeks in any 12 month period ending 31st March"
08093029,"Apricots, cherries, peaches (including nectarines), plums and sloes, fresh.","Peaches, including nectarines - Other peaches, in their natural state, not including nectarines: Other"
08112000,"Fruit and nuts, uncooked or cooked by steaming or boiling in water, frozen, whether or not containing added sugar or other sweetening matter.","Raspberries, blackberries, mulberries, loganberries, black, white or red currants and gooseberries"
09011100,"Coffee, whether or not roasted or decaffeinated; coffee husks and skins; coffee substitutes containing coffee in any proportion.","Coffee, not roasted: Not decaffeinated"
09011200,"Coffee, whether or not roasted or decaffeinated; coffee husks and skins; coffee substitutes containing coffee in any proportion.","Coffee, not roasted: Decaffeinated"
09012100,"Coffee, whether or not roasted or decaffeinated; coffee husks and skins; coffee substitutes containing coffee in any proportion.","Coffee, roasted: Not decaffeinated"
09012200,"Coffee, whether or not roasted or decaffeinated; coffee husks and skins; coffee substitutes containing coffee in any proportion.","Coffee, roasted: Decaffeinated"
09019000,"Coffee, whether or not roasted or decaffeinated; coffee husks and skins; coffee substitutes containing coffee in any proportion.",Other
09021010,"Tea, whether or not flavoured.",Green tea (not fermented) in immediate packings of a content not exceeding 3 kg - In bags for individual servings
09021090,"Tea, whether or not flavoured.",Green tea (not fermented) in immediate packings of a content not exceeding 3 kg - Other
09022000,"Tea, whether or not flavoured.",Other green tea (not fermented)
09023010,"Tea, whether or not flavoured.","Black tea (fermented) and partly fermented tea, in immediate packings of a content not exceeding 3 kg - In bags for individual servings"
09023090,"Tea, whether or not flavoured.","Black tea (fermented) and partly fermented tea, in immediate packings of a content not exceeding 3 kg - Other"
09024000,"Tea, whether or not flavoured.",Other black tea (fermented) and other partly fermented tea
09030000,Maté.,
09041100,Pepper of the genus Piper; dried or crushed or ground fruits of the genus Capsicum or of the genus Pimenta.,Pepper: Neither crushed nor ground
09041210,Pepper of the genus Piper; dried or crushed or ground fruits of the genus Capsicum or of the genus Pimenta.,Pepper: Crushed or ground - For processing
09041290,Pepper of the genus Piper; dried or crushed or ground fruits of the genus Capsicum or of the genus Pimenta.,Pepper: Crushed or ground - Other
09042100,Pepper of the genus Piper; dried or crushed or ground fruits of the genus Capsicum or of the genus Pimenta.,"Fruits of the genus Capsicum or of the genus Pimenta: Dried, neither crushed nor ground"
09042200,Pepper of the genus Piper; dried or crushed or ground fruits of the genus Capsicum or of the genus Pimenta.,Fruits of the genus Capsicum or of the genus Pimenta: Crushed or ground
09051000,Vanilla.,Neither crushed nor ground
09052000,Vanilla.,Crushed or ground
09061100,Cinnamon and cinnamon-tree flowers.,Neither crushed nor ground: Cinnamon (Cinnamomum zeylanicum Blume)
09061900,Cinnamon and cinnamon-tree flowers.,Neither crushed nor ground: Other
09062000,Cinnamon and cinnamon-tree flowers.,Crushed or ground
09071000,"Cloves (whole fruit, cloves and stems).",Neither crushed nor ground
09072000,"Cloves (whole fruit, cloves and stems).",Crushed or ground
09081100,"Nutmeg, mace and cardamoms.",Nutmeg: Neither crushed nor ground
09081200,"Nutmeg, mace and cardamoms.",Nutmeg: Crushed or ground
09082100,"Nutmeg, mace and cardamoms.",Mace: Neither crushed nor ground
09082200,"Nutmeg, mace and cardamoms.",Mace: Crushed or ground
09083100,"Nutmeg, mace and cardamoms.",Cardamoms: Neither crushed nor ground
09083200,"Nutmeg, mace and cardamoms.",Cardamoms: Crushed or ground
09092100,"Seeds of anise, badian, fennel, coriander, cumin or caraway; juniper berries.",Seeds of coriander: Neither crushed nor ground
09092200,"Seeds of anise, badian, fennel, coriander, cumin or caraway; juniper berries.",Seeds of coriander: Crushed or ground
09093100,"Seeds of anise, badian, fennel, coriander, cumin or caraway; juniper berries.",Seeds of cumin: Neither crushed nor ground
09093200,"Seeds of anise, badian, fennel, coriander, cumin or caraway; juniper berries.",Seeds of cumin: Crushed or ground
09096100,"Seeds of anise, badian, fennel, coriander, cumin or caraway; juniper berries.","Seeds of anise, badian, caraway or fennel; juniper berries: Neither crushed nor ground"
09096200,"Seeds of anise, badian, fennel, coriander, cumin or caraway; juniper berries.","Seeds of anise, badian, caraway or fennel; juniper berries: Crushed or ground"
09101100,"Ginger, saffron, turmeric (curcuma), thyme, bay leaves, curry and other spices.",Ginger: Neither crushed nor ground
09101200,"Ginger, saffron, turmeric (curcuma), thyme, bay leaves, curry and other spices.",Ginger: Crushed or ground
09102000,"Ginger, saffron, turmeric (curcuma), thyme, bay leaves, curry and other spices.",Saffron
09103000,"Ginger, saffron, turmeric (curcuma), thyme, bay leaves, curry and other spices.",Turmeric (curcuma)
09109100,"Ginger, saffron, turmeric (curcuma), thyme, bay leaves, curry and other spices.",Other spices: Mixtures referred to in Note 1 (b) to this Chapter
09109900,"Ginger, saffron, turmeric (curcuma), thyme, bay leaves, curry and other spices.",Other spices: Other
10011910,Wheat and meslin.,Durum wheat: Other - Within access commitment
10011920,Wheat and meslin.,Durum wheat: Other - Over access commitment
10019910,Wheat and meslin.,Other: Other - Within access commitment
10019920,Wheat and meslin.,Other: Other - Over access commitment
10029000,Rye.,Other
10039011,Barley.,Other - For malting purposes: Within access commitment
10039012,Barley.,Other - For malting purposes: Over access commitment
10039091,Barley.,Other - Other: Within access commitment
10039092,Barley.,Other - Other: Over access commitment
10049000,Oats.,Other
10062000,Rice.,Husked (brown) rice
10063000,Rice.,"Semi-milled or wholly milled rice, whether or not polished or glazed"
11010010,Wheat or meslin flour.,Within access commitment
11010020,Wheat or meslin flour.,Over access commitment
12051000,"Rape or colza seeds, whether or not broken.",Low erucic acid rape or colza seeds
13021900,"Vegetable saps and extracts; pectic substances, pectinates and pectates; agar-agar and other mucilages and thickeners, whether or not modified, derived from vegetable products.",Vegetable saps and extracts: Other
15042000,"Fats and oils and their fractions, of fish or marine mammals, whether or not refined, but not chemically modified.","Fats and oils and their fractions, of fish, other than liver oils"
15081000,"Ground-nut oil and its fractions, whether or not refined, but not chemically modified.",Crude oil
15119000,"Palm oil and its fractions, whether or not refined, but not chemically modified.",Other
15121919,"Sunflower-seed, safflower or cotton-seed oil and fractions thereof, whether or not refined, but not chemically modified.",Sunflower-seed or safflower oil and fractions thereof: Other - Sunflower-seed oil and fractions thereof: Other
15121929,"Sunflower-seed, safflower or cotton-seed oil and fractions thereof, whether or not refined, but not chemically modified.",Sunflower-seed or safflower oil and fractions thereof: Other - Safflower oil and fractions thereof: Other
15141100,"Rape (canola), colza or mustard oil and fractions thereof, whether or not refined, but not chemically modified.",Low erucic acid rape or colza oil and its fractions: Crude oil
15141900,"Rape (canola), colza or mustard oil and fractions thereof, whether or not refined, but not chemically modified.",Low erucic acid rape or colza oil and its fractions: Other
15149100,"Rape (canola), colza or mustard oil and fractions thereof, whether or not refined, but not chemically modified.",Other: Crude oil
15149900,"Rape (canola), colza or mustard oil and fractions thereof, whether or not refined, but not chemically modified.",Other: Other
15171010,"Margarine; edible mixtures or preparations of animal, vegetable or microbial fats or oils or of fractions of different fats or oils of this Chapter, other than edible fats and oils or their fractions of heading 15.16.","Margarine, excluding liquid margarine - Within access commitment"
15171020,"Margarine; edible mixtures or preparations of animal, vegetable or microbial fats or oils or of fractions of different fats or oils of this Chapter, other than edible fats and oils or their fractions of heading 15.16.","Margarine, excluding liquid margarine - Over access commitment"
15179021,"Margarine; edible mixtures or preparations of animal, vegetable or microbial fats or oils or of fractions of different fats or oils of this Chapter, other than edible fats and oils or their fractions of heading 15.16.",Other - Substitutes for butter: Within access commitment
15179022,"Margarine; edible mixtures or preparations of animal, vegetable or microbial fats or oils or of fractions of different fats or oils of this Chapter, other than edible fats and oils or their fractions of heading 15.16.",Other - Substitutes for butter: Over access commitment
16010011,"Sausages and similar products, of meat, meat offal, blood or insects; food preparations based on these products.",In cans or glass jars: Of poultry of heading 01.05
16010019,"Sausages and similar products, of meat, meat offal, blood or insects; food preparations based on these products.",In cans or glass jars: Other
16010021,"Sausages and similar products, of meat, meat offal, blood or insects; food preparations based on these products.","Of fowls of the species Gallus domesticus, other than in cans or glass jars: Other than spent fowl, within access commitment"
16010022,"Sausages and similar products, of meat, meat offal, blood or insects; food preparations based on these products.","Of fowls of the species Gallus domesticus, other than in cans or glass jars: Other than spent fowl, over access commitment"
16010023,"Sausages and similar products, of meat, meat offal, blood or insects; food preparations based on these products.","Of fowls of the species Gallus domesticus, other than in cans or glass jars: Spent fowl"
16010031,"Sausages and similar products, of meat, meat offal, blood or insects; food preparations based on these products.","Of turkeys, other than in cans or glass jars: Within access commitment"
16010032,"Sausages and similar products, of meat, meat offal, blood or insects; food preparations based on these products.","Of turkeys, other than in cans or glass jars: Over access commitment"
16010090,"Sausages and similar products, of meat, meat offal, blood or insects; food preparations based on these products.",Other
16021010,"Other prepared or preserved meat, meat offal, blood or insects.","Homogenized preparations - Of fowls of the species Gallus domesticus and turkeys, of heading 01.05"
16021090,"Other prepared or preserved meat, meat offal, blood or insects.",Homogenized preparations - Other
16022021,"Other prepared or preserved meat, meat offal, blood or insects.","Of liver of any animal - Paste, of fowls of the species Gallus domesticus, not in cans or glass jars: Within access commitment"
16022022,"Other prepared or preserved meat, meat offal, blood or insects.","Of liver of any animal - Paste, of fowls of the species Gallus domesticus, not in cans or glass jars: Over access commitment"
16022031,"Other prepared or preserved meat, meat offal, blood or insects.","Of liver of any animal - Paste, of turkeys, not in cans or glass jars: Within access commitment"
16022032,"Other prepared or preserved meat, meat offal, blood or insects.","Of liver of any animal - Paste, of turkeys, not in cans or glass jars: Over access commitment"
16022090,"Other prepared or preserved meat, meat offal, blood or insects.",Of liver of any animal - Other
16023111,"Other prepared or preserved meat, meat offal, blood or insects.",Of poultry of heading 01.05: Of turkeys - Prepared meals: Specially defined mixtures
16023112,"Other prepared or preserved meat, meat offal, blood or insects.","Of poultry of heading 01.05: Of turkeys - Prepared meals: Other, within access commitment"
16023113,"Other prepared or preserved meat, meat offal, blood or insects.","Of poultry of heading 01.05: Of turkeys - Prepared meals: Other, over access commitment, bone in"
16023114,"Other prepared or preserved meat, meat offal, blood or insects.","Of poultry of heading 01.05: Of turkeys - Prepared meals: Other, over access commitment, boneless"
16023191,"Other prepared or preserved meat, meat offal, blood or insects.",Of poultry of heading 01.05: Of turkeys - Other: In cans or glass jars
16023192,"Other prepared or preserved meat, meat offal, blood or insects.","Of poultry of heading 01.05: Of turkeys - Other: Specially defined mixtures, other than in cans or glass jars"
16023193,"Other prepared or preserved meat, meat offal, blood or insects.","Of poultry of heading 01.05: Of turkeys - Other: Other, within access commitment"
16023194,"Other prepared or preserved meat, meat offal, blood or insects.","Of poultry of heading 01.05: Of turkeys - Other: Other, over access commitment, bone in"
16023195,"Other prepared or preserved meat, meat offal, blood or insects.","Of poultry of heading 01.05: Of turkeys - Other: Other, over access commitment, boneless"
16023211,"Other prepared or preserved meat, meat offal, blood or insects.",Of poultry of heading 01.05: Of fowls of the species Gallus domesticus - Prepared meals: Of spent fowl; Specially defined mixtures
16023212,"Other prepared or preserved meat, meat offal, blood or insects.","Of poultry of heading 01.05: Of fowls of the species Gallus domesticus - Prepared meals: Other, within access commitment"
16023213,"Other prepared or preserved meat, meat offal, blood or insects.","Of poultry of heading 01.05: Of fowls of the species Gallus domesticus - Prepared meals: Other, over access commitment, bone in"
16023214,"Other prepared or preserved meat, meat offal, blood or insects.","Of poultry of heading 01.05: Of fowls of the species Gallus domesticus - Prepared meals: Other, over access commitment, boneless"
16023291,"Other prepared or preserved meat, meat offal, blood or insects.",Of poultry of heading 01.05: Of fowls of the species Gallus domesticus - Other: In cans or glass jars
16023292,"Other prepared or preserved meat, meat offal, blood or insects.","Of poultry of heading 01.05: Of fowls of the species Gallus domesticus - Other: Specially defined mixtures, other than in cans or glass jars; Spent fowl other than in cans or glass jars"
16023293,"Other prepared or preserved meat, meat offal, blood or insects.","Of poultry of heading 01.05: Of fowls of the species Gallus domesticus - Other: Other, within access commitment"
16023294,"Other prepared or preserved meat, meat offal, blood or insects.","Of poultry of heading 01.05: Of fowls of the species Gallus domesticus - Other: Other, over access commitment, bone in"
16023295,"Other prepared or preserved meat, meat offal, blood or insects.","Of poultry of heading 01.05: Of fowls of the species Gallus domesticus - Other: Other, over access commitment, boneless"
16023910,"Other prepared or preserved meat, meat offal, blood or insects.",Of poultry of heading 01.05: Other - Prepared meals
16023991,"Other prepared or preserved meat, meat offal, blood or insects.","Of poultry of heading 01.05: Other - Other: Of ducks, geese or guinea fowls, in cans or glass jars"
16023999,"Other prepared or preserved meat, meat offal, blood or insects.",Of poultry of heading 01.05: Other - Other: Other
16052100,"Crustaceans, molluscs and other aquatic invertebrates, prepared or preserved.",Shrimps and prawns: Not in airtight container
17011210,"Cane or beet sugar and chemically pure sucrose, in solid form.",Raw sugar not containing added flavouring or colouring matter: Beet sugar - For use by sugar refineries in the production of refined sugar used in the manufacture of wine
17011290,"Cane or beet sugar and chemically pure sucrose, in solid form.",Raw sugar not containing added flavouring or colouring matter: Beet sugar - Other
17011310,"Cane or beet sugar and chemically pure sucrose, in solid form.",Raw sugar not containing added flavouring or colouring matter: Cane sugar specified in Subheading Note 2 to this Chapter - For use by sugar refineries in the production of refined sugar used in the manufacture of wine
17011390,"Cane or beet sugar and chemically pure sucrose, in solid form.",Raw sugar not containing added flavouring or colouring matter: Cane sugar specified in Subheading Note 2 to this Chapter - Other
17011400,"Cane or beet sugar and chemically pure sucrose, in solid form.",Raw sugar not containing added flavouring or colouring matter: Other cane sugar
17019190,"Cane or beet sugar and chemically pure sucrose, in solid form.",Other: Containing added flavouring or colouring matter - Other
17019990,"Cane or beet sugar and chemically pure sucrose, in solid form.",Other: Other - Other
17022000,"Other sugars, including chemically pure lactose, maltose, glucose and fructose, in solid form; sugar syrups not containing added flavouring or colouring matter; artificial honey, whether or not mixed with natural honey; caramel.",Maple sugar and maple syrup
17031010,Molasses resulting from the extraction or refining of sugar.,Cane molasses - Powder with admixture other than colouring or anti-caking agents
17031090,Molasses resulting from the extraction or refining of sugar.,Cane molasses - Other
17039010,Molasses resulting from the extraction or refining of sugar.,Other - Powder with admixture other than colouring or anti-caking agents
17039090,Molasses resulting from the extraction or refining of sugar.,Other - Other
17041000,"Sugar confectionery (including white chocolate), not containing cocoa.","Chewing gum, whether or not sugar-coated"
17049010,"Sugar confectionery (including white chocolate), not containing cocoa.",Other - Chestnut cream or paste
17049020,"Sugar confectionery (including white chocolate), not containing cocoa.",Other - Liquorice candy; Toffee
17049090,"Sugar confectionery (including white chocolate), not containing cocoa.",Other - Other
18062022,Chocolate and other food preparations containing cocoa.,"Other preparations in blocks, slabs or bars weighing more than 2 kg or in liquid, paste, powder, granular or other bulk form in containers or immediate packings, of a content exceeding 2 kg - Chocolate ice cream mix or ice milk mix: Over access commitment"
18063100,Chocolate and other food preparations containing cocoa.,"Other, in blocks, slabs or bars: Filled"
18069012,Chocolate and other food preparations containing cocoa.,Other - Chocolate ice cream mix or ice milk mix: Over access commitment
18069090,Chocolate and other food preparations containing cocoa.,Other - Other
19012012,"Malt extract; food preparations of flour, groats, meal, starch or malt extract, not containing cocoa or containing less than 40% by weight of cocoa calculated on a totally defatted basis, not elsewhere specified or included; food preparations of goods of heading 04.01 to 04.04, not containing cocoa or containing less than 5% by weight of cocoa calculated on a totally defatted basis, not elsewhere specified or included.","Mixes and doughs for the preparation of bakers' wares of heading 19.05 - In packages of a weight not exceeding 11.34 kg each: Containing more than 25% by weight of butterfat, not put up for retail sale, over access commitment"
19012022,"Malt extract; food preparations of flour, groats, meal, starch or malt extract, not containing cocoa or containing less than 40% by weight of cocoa calculated on a totally defatted basis, not elsewhere specified or included; food preparations of goods of heading 04.01 to 04.04, not containing cocoa or containing less than 5% by weight of cocoa calculated on a totally defatted basis, not elsewhere specified or included.","Mixes and doughs for the preparation of bakers' wares of heading 19.05 - In bulk or in packages of a weight exceeding 11.34 kg each: Containing more than 25% by weight of butterfat, not put up for retail sale, over access commitment"
19019032,"Malt extract; food preparations of flour, groats, meal, starch or malt extract, not containing cocoa or containing less than 40% by weight of cocoa calculated on a totally defatted basis, not elsewhere specified or included; food preparations of goods of heading 04.01 to 04.04, not containing cocoa or containing less than 5% by weight of cocoa calculated on a totally defatted basis, not elsewhere specified or included.","Other - Food preparations of goods of headings 04.01 to 04.04, containing more than 10% but less than 50% on a dry weight basis of milk solids: Ice cream mixes or ice milk mixes, over access commitment"
19019034,"Malt extract; food preparations of flour, groats, meal, starch or malt extract, not containing cocoa or containing less than 40% by weight of cocoa calculated on a totally defatted basis, not elsewhere specified or included; food preparations of goods of heading 04.01 to 04.04, not containing cocoa or containing less than 5% by weight of cocoa calculated on a totally defatted basis, not elsewhere specified or included.","Other - Food preparations of goods of headings 04.01 to 04.04, containing more than 10% but less than 50% on a dry weight basis of milk solids: Other, not put up for retail sale, over access commitment"
19019052,"Malt extract; food preparations of flour, groats, meal, starch or malt extract, not containing cocoa or containing less than 40% by weight of cocoa calculated on a totally defatted basis, not elsewhere specified or included; food preparations of goods of heading 04.01 to 04.04, not containing cocoa or containing less than 5% by weight of cocoa calculated on a totally defatted basis, not elsewhere specified or included.","Other - Food preparations of goods of headings 04.01 to 04.04, containing 50% or more on a dry weight basis of milk solids: Ice cream mixes or ice milk mixes, over access commitment"
19019054,"Malt extract; food preparations of flour, groats, meal, starch or malt extract, not containing cocoa or containing less than 40% by weight of cocoa calculated on a totally defatted basis, not elsewhere specified or included; food preparations of goods of heading 04.01 to 04.04, not containing cocoa or containing less than 5% by weight of cocoa calculated on a totally defatted basis, not elsewhere specified or included.","Other - Food preparations of goods of headings 04.01 to 04.04, containing 50% or more on a dry weight basis of milk solids: Other, not put up for retail sale, over access commitment"
19021110,"Pasta, whether or not cooked or stuffed (with meat or other substances) or otherwise prepared, such as spaghetti, macaroni, noodles, lasagna, gnocchi, ravioli, cannelloni; couscous, whether or not prepared.","Uncooked pasta, not stuffed or otherwise prepared: Containing eggs - Containing 25% or more by weight of wheat, within access commitment"
19021121,"Pasta, whether or not cooked or stuffed (with meat or other substances) or otherwise prepared, such as spaghetti, macaroni, noodles, lasagna, gnocchi, ravioli, cannelloni; couscous, whether or not prepared.","Uncooked pasta, not stuffed or otherwise prepared: Containing eggs - Containing 25% or more by weight of wheat, over access commitment: In packages of a weight not exceeding 2.3 kg each"
19021129,"Pasta, whether or not cooked or stuffed (with meat or other substances) or otherwise prepared, such as spaghetti, macaroni, noodles, lasagna, gnocchi, ravioli, cannelloni; couscous, whether or not prepared.","Uncooked pasta, not stuffed or otherwise prepared: Containing eggs - Containing 25% or more by weight of wheat, over access commitment: Other"
19021190,"Pasta, whether or not cooked or stuffed (with meat or other substances) or otherwise prepared, such as spaghetti, macaroni, noodles, lasagna, gnocchi, ravioli, cannelloni; couscous, whether or not prepared.","Uncooked pasta, not stuffed or otherwise prepared: Containing eggs - Other"
19021911,"Pasta, whether or not cooked or stuffed (with meat or other substances) or otherwise prepared, such as spaghetti, macaroni, noodles, lasagna, gnocchi, ravioli, cannelloni; couscous, whether or not prepared.","Uncooked pasta, not stuffed or otherwise prepared: Other - Low protein or protein-free pasta, certified by Health Canada as special low protein or protein-free dietary products: Containing 25% or more by weight of wheat, within access commitment"
19021912,"Pasta, whether or not cooked or stuffed (with meat or other substances) or otherwise prepared, such as spaghetti, macaroni, noodles, lasagna, gnocchi, ravioli, cannelloni; couscous, whether or not prepared.","Uncooked pasta, not stuffed or otherwise prepared: Other - Low protein or protein-free pasta, certified by Health Canada as special low protein or protein-free dietary products: Containing 25% or more by weight of wheat, over access commitment"
19021919,"Pasta, whether or not cooked or stuffed (with meat or other substances) or otherwise prepared, such as spaghetti, macaroni, noodles, lasagna, gnocchi, ravioli, cannelloni; couscous, whether or not prepared.","Uncooked pasta, not stuffed or otherwise prepared: Other - Low protein or protein-free pasta, certified by Health Canada as special low protein or protein-free dietary products: Other"
19021921,"Pasta, whether or not cooked or stuffed (with meat or other substances) or otherwise prepared, such as spaghetti, macaroni, noodles, lasagna, gnocchi, ravioli, cannelloni; couscous, whether or not prepared.","Uncooked pasta, not stuffed or otherwise prepared: Other - Other, containing flour and water only: Containing 25% or more by weight of wheat, within access commitment"
19021922,"Pasta, whether or not cooked or stuffed (with meat or other substances) or otherwise prepared, such as spaghetti, macaroni, noodles, lasagna, gnocchi, ravioli, cannelloni; couscous, whether or not prepared.","Uncooked pasta, not stuffed or otherwise prepared: Other - Other, containing flour and water only: Containing 25% or more by weight of wheat, in packages of a weight not exceeding 2.3 kg each, over access commitment"
19021923,"Pasta, whether or not cooked or stuffed (with meat or other substances) or otherwise prepared, such as spaghetti, macaroni, noodles, lasagna, gnocchi, ravioli, cannelloni; couscous, whether or not prepared.","Uncooked pasta, not stuffed or otherwise prepared: Other - Other, containing flour and water only: Other, containing 25% or more by weight of wheat, over access commitment"
19021929,"Pasta, whether or not cooked or stuffed (with meat or other substances) or otherwise prepared, such as spaghetti, macaroni, noodles, lasagna, gnocchi, ravioli, cannelloni; couscous, whether or not prepared.","Uncooked pasta, not stuffed or otherwise prepared: Other - Other, containing flour and water only: Other"
19021991,"Pasta, whether or not cooked or stuffed (with meat or other substances) or otherwise prepared, such as spaghetti, macaroni, noodles, lasagna, gnocchi, ravioli, cannelloni; couscous, whether or not prepared.","Uncooked pasta, not stuffed or otherwise prepared: Other - Other: Containing 25% or more by weight of wheat,  within access commitment"
19021992,"Pasta, whether or not cooked or stuffed (with meat or other substances) or otherwise prepared, such as spaghetti, macaroni, noodles, lasagna, gnocchi, ravioli, cannelloni; couscous, whether or not prepared.","Uncooked pasta, not stuffed or otherwise prepared: Other - Other: Containing 25% or more by weight of wheat, in packages of a weight not exceeding 2.3 kg each, over access commitment"
19021993,"Pasta, whether or not cooked or stuffed (with meat or other substances) or otherwise prepared, such as spaghetti, macaroni, noodles, lasagna, gnocchi, ravioli, cannelloni; couscous, whether or not prepared.","Uncooked pasta, not stuffed or otherwise prepared: Other - Other: Other, containing 25% or more by weight of wheat, over access commitment"
19021999,"Pasta, whether or not cooked or stuffed (with meat or other substances) or otherwise prepared, such as spaghetti, macaroni, noodles, lasagna, gnocchi, ravioli, cannelloni; couscous, whether or not prepared.","Uncooked pasta, not stuffed or otherwise prepared: Other - Other: Other"
19023011,"Pasta, whether or not cooked or stuffed (with meat or other substances) or otherwise prepared, such as spaghetti, macaroni, noodles, lasagna, gnocchi, ravioli, cannelloni; couscous, whether or not prepared.","Other pasta - Low protein or protein-free pasta, without meat, certified by Health Canada as special low protein or protein-free dietary products: Containing 25% or more by weight of wheat, within access commitment"
19023012,"Pasta, whether or not cooked or stuffed (with meat or other substances) or otherwise prepared, such as spaghetti, macaroni, noodles, lasagna, gnocchi, ravioli, cannelloni; couscous, whether or not prepared.","Other pasta - Low protein or protein-free pasta, without meat, certified by Health Canada as special low protein or protein-free dietary products: Containing 25% or more by weight of wheat, over access commitment"
19023019,"Pasta, whether or not cooked or stuffed (with meat or other substances) or otherwise prepared, such as spaghetti, macaroni, noodles, lasagna, gnocchi, ravioli, cannelloni; couscous, whether or not prepared.","Other pasta - Low protein or protein-free pasta, without meat, certified by Health Canada as special low protein or protein-free dietary products: Other"
19023020,"Pasta, whether or not cooked or stuffed (with meat or other substances) or otherwise prepared, such as spaghetti, macaroni, noodles, lasagna, gnocchi, ravioli, cannelloni; couscous, whether or not prepared.","Other pasta - Other, containing 25% or more by weight of wheat, without meat, within access commitment"
19023031,"Pasta, whether or not cooked or stuffed (with meat or other substances) or otherwise prepared, such as spaghetti, macaroni, noodles, lasagna, gnocchi, ravioli, cannelloni; couscous, whether or not prepared.","Other pasta - Other, containing 25% or more by weight of wheat, without meat, over access commitment: In packages of a weight not exceeding 2.3 kg each"
19023039,"Pasta, whether or not cooked or stuffed (with meat or other substances) or otherwise prepared, such as spaghetti, macaroni, noodles, lasagna, gnocchi, ravioli, cannelloni; couscous, whether or not prepared.","Other pasta - Other, containing 25% or more by weight of wheat, without meat, over access commitment: Other"
19023040,"Pasta, whether or not cooked or stuffed (with meat or other substances) or otherwise prepared, such as spaghetti, macaroni, noodles, lasagna, gnocchi, ravioli, cannelloni; couscous, whether or not prepared.","Other pasta - Other, without meat"
19059051,"Bread, pastry, cakes, biscuits and other bakers' wares, whether or not containing cocoa; communion wafers, empty cachets of a kind suitable for pharmaceutical use, sealing wafers, rice paper and similar products.","Other - Pizza and quiche; pastries, pies, puddings and cakes, including sweet products leavened with yeast; bakery products made without flour: Pizza and quiche"
20011000,"Vegetables, fruit, nuts and other edible parts of plants, prepared or preserved by vinegar or acetic acid.",Cucumbers and gherkins
20081110,"Fruit, nuts and other edible parts of plants, otherwise prepared or preserved, whether or not containing added sugar or other sweetening matter or spirit, not elsewhere specified or included.","Nuts, ground-nuts and other seeds, whether or not mixed together: Ground-nuts - Peanut butter"
20081190,"Fruit, nuts and other edible parts of plants, otherwise prepared or preserved, whether or not containing added sugar or other sweetening matter or spirit, not elsewhere specified or included.","Nuts, ground-nuts and other seeds, whether or not mixed together: Ground-nuts - Other"
20091200,"Fruit or nut juices (including grape must and coconut water) and vegetable juices, unfermented and not containing added spirit, whether or not containing added sugar or other sweetening matter.","Orange juice: Not frozen, of a Brix value not exceeding 20"
21031000,Sauces and preparations therefor; mixed condiments and mixed seasonings; mustard flour and meal and prepared mustard.,Soya sauce
21032010,Sauces and preparations therefor; mixed condiments and mixed seasonings; mustard flour and meal and prepared mustard.,Tomato ketchup and other tomato sauces - Tomato ketchup
21032090,Sauces and preparations therefor; mixed condiments and mixed seasonings; mustard flour and meal and prepared mustard.,Tomato ketchup and other tomato sauces - Other
21033010,Sauces and preparations therefor; mixed condiments and mixed seasonings; mustard flour and meal and prepared mustard.,Mustard flour and meal and prepared mustard - Mustard flour and meal
21033020,Sauces and preparations therefor; mixed condiments and mixed seasonings; mustard flour and meal and prepared mustard.,Mustard flour and meal and prepared mustard - Prepared mustard
21039010,Sauces and preparations therefor; mixed condiments and mixed seasonings; mustard flour and meal and prepared mustard.,Other - Mayonnaise and salad dressing
21041000,Soups and broths and preparations therefor; homogenized composite food preparations.,Soups and broths and preparations therefor
21050092,"Ice cream and other edible ice, whether or not containing cocoa.",Other: Over access commitment
21069021,Food preparations not elsewhere specified or included.,"Other - Syrups derived from cane or beet sugar, containing added colouring matter; Food concentrates and fruit syrups for use in beverages or other food preparations: Syrups derived from cane or beet sugar, containing, in the dry state, 90% or more by weight of sugar and no added flavouring matter"
21069032,Food preparations not elsewhere specified or included.,"Other - Milk, cream or butter substitutes and preparations suitable for use as butter substitutes: Milk, cream or butter substitutes, containing 50% or more by weight of dairy content, over access commitment"
21069034,Food preparations not elsewhere specified or included.,"Other - Milk, cream or butter substitutes and preparations suitable for use as butter substitutes: Preparations, containing more than 15% by weight of milk fat but less than 50% by weight of dairy content, suitable for use as butter substitutes, over access commitment"
21069035,Food preparations not elsewhere specified or included.,"Other - Milk, cream or butter substitutes and preparations suitable for use as butter substitutes: Milk or cream substitutes, containing, in the dry state, over 10% by weight of milk solids but less than 50% by weight of dairy content butter substitutes, containing, in the dry state, over 10% by weight of milk solids but 15% or less by weight of milk fat"
21069039,Food preparations not elsewhere specified or included.,"Other - Milk, cream or butter substitutes and preparations suitable for use as butter substitutes: Other"
21069052,Food preparations not elsewhere specified or included.,"Other - Egg preparations, containing 50% or more by weight of eggs: Over access commitment"
21069094,Food preparations not elsewhere specified or included.,"Other - Other: Containing 50% or more by weight of dairy content, over access commitment"
21069095,Food preparations not elsewhere specified or included.,"Other - Other: Other preparations, containing, in the dry state, over 10% by weight of milk solids but less than 50% by weight of dairy content"
22021000,"Waters, including mineral waters and aerated waters, containing added sugar or other sweetening matter or flavoured, and other non-alcoholic beverages, not including fruit, nut or vegetable juices of heading 20.09.","Waters, including mineral waters and aerated waters, containing added sugar or other sweetening matter or flavoured"
22029931,"Waters, including mineral waters and aerated waters, containing added sugar or other sweetening matter or flavoured, and other non-alcoholic beverages, not including fruit, nut or vegetable juices of heading 20.09.",Other: Other - Beverages containing milk: Chocolate milk
22029933,"Waters, including mineral waters and aerated waters, containing added sugar or other sweetening matter or flavoured, and other non-alcoholic beverages, not including fruit, nut or vegetable juices of heading 20.09.","Other: Other - Beverages containing milk: Other, containing 50% or more by weight of dairy content, not put up for retail sale, over access commitment"
22029939,"Waters, including mineral waters and aerated waters, containing added sugar or other sweetening matter or flavoured, and other non-alcoholic beverages, not including fruit, nut or vegetable juices of heading 20.09.",Other: Other - Beverages containing milk: Other
22030000,Beer made from malt.,
22041010,"Wine of fresh grapes, including fortified wines; grape must other than that of heading 20.09.",Sparkling wine - Of an alcoholic strength by volume not exceeding 22.9% vol
22041090,"Wine of fresh grapes, including fortified wines; grape must other than that of heading 20.09.",Sparkling wine - Other
22042110,"Wine of fresh grapes, including fortified wines; grape must other than that of heading 20.09.","Other wine; grape must with fermentation prevented or arrested by the addition of alcohol: In containers holding 2 litres or less - Wine, of an alcoholic strength by volume not exceeding 13.7% vol"
22042121,"Wine of fresh grapes, including fortified wines; grape must other than that of heading 20.09.","Other wine; grape must with fermentation prevented or arrested by the addition of alcohol: In containers holding 2 litres or less - Wine, of an alcoholic strength by volume exceeding 13.7% vol but not exceeding 21.9%: Of an alcoholic strength by volume not exceeding 14.9% vol"
22042122,"Wine of fresh grapes, including fortified wines; grape must other than that of heading 20.09.","Other wine; grape must with fermentation prevented or arrested by the addition of alcohol: In containers holding 2 litres or less - Wine, of an alcoholic strength by volume exceeding 13.7% vol but not exceeding 21.9%: Of an alcoholic strength by volume exceeding 14.9% vol but not exceeding 15.9% vol"
22042123,"Wine of fresh grapes, including fortified wines; grape must other than that of heading 20.09.","Other wine; grape must with fermentation prevented or arrested by the addition of alcohol: In containers holding 2 litres or less - Wine, of an alcoholic strength by volume exceeding 13.7% vol but not exceeding 21.9%: Of an alcoholic strength by volume exceeding 15.9% vol but not exceeding 16.9% vol"
22042124,"Wine of fresh grapes, including fortified wines; grape must other than that of heading 20.09.","Other wine; grape must with fermentation prevented or arrested by the addition of alcohol: In containers holding 2 litres or less - Wine, of an alcoholic strength by volume exceeding 13.7% vol but not exceeding 21.9%: Of an alcoholic strength by volume exceeding 16.9% vol but not exceeding 17.9% vol"
22042125,"Wine of fresh grapes, including fortified wines; grape must other than that of heading 20.09.","Other wine; grape must with fermentation prevented or arrested by the addition of alcohol: In containers holding 2 litres or less - Wine, of an alcoholic strength by volume exceeding 13.7% vol but not exceeding 21.9%: Of an alcoholic strength by volume exceeding 17.9% vol but not exceeding 18.9% vol"
22042126,"Wine of fresh grapes, including fortified wines; grape must other than that of heading 20.09.","Other wine; grape must with fermentation prevented or arrested by the addition of alcohol: In containers holding 2 litres or less - Wine, of an alcoholic strength by volume exceeding 13.7% vol but not exceeding 21.9%: Of an alcoholic strength by volume exceeding 18.9% vol but not exceeding 19.9% vol"
22042127,"Wine of fresh grapes, including fortified wines; grape must other than that of heading 20.09.","Other wine; grape must with fermentation prevented or arrested by the addition of alcohol: In containers holding 2 litres or less - Wine, of an alcoholic strength by volume exceeding 13.7% vol but not exceeding 21.9%: Of an alcoholic strength by volume exceeding 19.9% vol but not exceeding 20.9% vol"
22042128,"Wine of fresh grapes, including fortified wines; grape must other than that of heading 20.09.","Other wine; grape must with fermentation prevented or arrested by the addition of alcohol: In containers holding 2 litres or less - Wine, of an alcoholic strength by volume exceeding 13.7% vol but not exceeding 21.9%: Of an alcoholic strength by volume exceeding 20.9% vol but not exceeding 21.9% vol"
22042131,"Wine of fresh grapes, including fortified wines; grape must other than that of heading 20.09.","Other wine; grape must with fermentation prevented or arrested by the addition of alcohol: In containers holding 2 litres or less - Wine, of an alcoholic strength by volume exceeding 21.9% vol: Of an alcoholic strength by volume exceeding 21.9% vol but not exceeding 22.9% vol"
22042132,"Wine of fresh grapes, including fortified wines; grape must other than that of heading 20.09.","Other wine; grape must with fermentation prevented or arrested by the addition of alcohol: In containers holding 2 litres or less - Wine, of an alcoholic strength by volume exceeding 21.9% vol: Of an alcoholic strength by volume exceeding 22.9% vol"
22042141,"Wine of fresh grapes, including fortified wines; grape must other than that of heading 20.09.",Other wine; grape must with fermentation prevented or arrested by the addition of alcohol: In containers holding 2 litres or less - Grape must with fermentation prevented or arrested by the addition of alcohol: Of an alcoholic strength by volume not exceeding 22.9% vol
22042149,"Wine of fresh grapes, including fortified wines; grape must other than that of heading 20.09.",Other wine; grape must with fermentation prevented or arrested by the addition of alcohol: In containers holding 2 litres or less - Grape must with fermentation prevented or arrested by the addition of alcohol: Other
22042210,"Wine of fresh grapes, including fortified wines; grape must other than that of heading 20.09.","Other wine; grape must with fermentation prevented or arrested by the addition of alcohol: In containers holding more than 2 litres but not more than 10 litres - Wine, of an alcoholic strength by volume not exceeding 13.7% vol"
22042221,"Wine of fresh grapes, including fortified wines; grape must other than that of heading 20.09.","Other wine; grape must with fermentation prevented or arrested by the addition of alcohol: In containers holding more than 2 litres but not more than 10 litres - Wine, of an alcoholic strength by volume exceeding 13.7% vol but not exceeding 21.9% vol: Of an alcoholic strength by volume not exceeding 14.9% vol"
22042222,"Wine of fresh grapes, including fortified wines; grape must other than that of heading 20.09.","Other wine; grape must with fermentation prevented or arrested by the addition of alcohol: In containers holding more than 2 litres but not more than 10 litres - Wine, of an alcoholic strength by volume exceeding 13.7% vol but not exceeding 21.9% vol: Of an alcoholic strength by volume exceeding 14.9% vol but not exceeding 15.9% vol"
22042223,"Wine of fresh grapes, including fortified wines; grape must other than that of heading 20.09.","Other wine; grape must with fermentation prevented or arrested by the addition of alcohol: In containers holding more than 2 litres but not more than 10 litres - Wine, of an alcoholic strength by volume exceeding 13.7% vol but not exceeding 21.9% vol: Of an alcoholic strength by volume exceeding 15.9% vol but not exceeding 16.9% vol"
22042224,"Wine of fresh grapes, including fortified wines; grape must other than that of heading 20.09.","Other wine; grape must with fermentation prevented or arrested by the addition of alcohol: In containers holding more than 2 litres but not more than 10 litres - Wine, of an alcoholic strength by volume exceeding 13.7% vol but not exceeding 21.9% vol: Of an alcoholic strength by volume exceeding 16.9% vol but not exceeding 17.9% vol"
22042225,"Wine of fresh grapes, including fortified wines; grape must other than that of heading 20.09.","Other wine; grape must with fermentation prevented or arrested by the addition of alcohol: In containers holding more than 2 litres but not more than 10 litres - Wine, of an alcoholic strength by volume exceeding 13.7% vol but not exceeding 21.9% vol: Of an alcoholic strength by volume exceeding 17.9% vol but not exceeding 18.9% vol"
22042226,"Wine of fresh grapes, including fortified wines; grape must other than that of heading 20.09.","Other wine; grape must with fermentation prevented or arrested by the addition of alcohol: In containers holding more than 2 litres but not more than 10 litres - Wine, of an alcoholic strength by volume exceeding 13.7% vol but not exceeding 21.9% vol: Of an alcoholic strength by volume exceeding 18.9% vol but not exceeding 19.9% vol"
22042227,"Wine of fresh grapes, including fortified wines; grape must other than that of heading 20.09.","Other wine; grape must with fermentation prevented or arrested by the addition of alcohol: In containers holding more than 2 litres but not more than 10 litres - Wine, of an alcoholic strength by volume exceeding 13.7% vol but not exceeding 21.9% vol: Of an alcoholic strength by volume exceeding 19.9% vol but not exceeding 20.9% vol"
22042228,"Wine of fresh grapes, including fortified wines; grape must other than that of heading 20.09.","Other wine; grape must with fermentation prevented or arrested by the addition of alcohol: In containers holding more than 2 litres but not more than 10 litres - Wine, of an alcoholic strength by volume exceeding 13.7% vol but not exceeding 21.9% vol: Of an alcoholic strength by volume exceeding 20.9% vol but not exceeding 21.9% vol"
22042231,"Wine of fresh grapes, including fortified wines; grape must other than that of heading 20.09.","Other wine; grape must with fermentation prevented or arrested by the addition of alcohol: In containers holding more than 2 litres but not more than 10 litres - Wine, of an alcoholic strength by volume exceeding 21.9% vol: Of an alcoholic strength by volume exceeding 21.9% vol but not exceeding 22.9% vol"
22042232,"Wine of fresh grapes, including fortified wines; grape must other than that of heading 20.09.","Other wine; grape must with fermentation prevented or arrested by the addition of alcohol: In containers holding more than 2 litres but not more than 10 litres - Wine, of an alcoholic strength by volume exceeding 21.9% vol: Of an alcoholic strength by volume exceeding 22.9% vol"
22042241,"Wine of fresh grapes, including fortified wines; grape must other than that of heading 20.09.",Other wine; grape must with fermentation prevented or arrested by the addition of alcohol: In containers holding more than 2 litres but not more than 10 litres - Grape must with fermentation prevented or arrested by the addition of alcohol: Of an alcoholic strength by volume not exceeding 22.9% vol
22042249,"Wine of fresh grapes, including fortified wines; grape must other than that of heading 20.09.",Other wine; grape must with fermentation prevented or arrested by the addition of alcohol: In containers holding more than 2 litres but not more than 10 litres - Grape must with fermentation prevented or arrested by the addition of alcohol: Other
22042910,"Wine of fresh grapes, including fortified wines; grape must other than that of heading 20.09.","Other wine; grape must with fermentation prevented or arrested by the addition of alcohol: Other - Wine, of an alcoholic strength by volume not exceeding 13.7% vol"
22042921,"Wine of fresh grapes, including fortified wines; grape must other than that of heading 20.09.","Other wine; grape must with fermentation prevented or arrested by the addition of alcohol: Other - Wine, of an alcoholic strength by volume exceeding 13.7% vol but not exceeding 21.9% vol: Of an alcoholic strength by volume not exceeding 14.9% vol"
22042922,"Wine of fresh grapes, including fortified wines; grape must other than that of heading 20.09.","Other wine; grape must with fermentation prevented or arrested by the addition of alcohol: Other - Wine, of an alcoholic strength by volume exceeding 13.7% vol but not exceeding 21.9% vol: Of an alcoholic strength by volume exceeding 14.9% vol but not exceeding 15.9% vol"
22042923,"Wine of fresh grapes, including fortified wines; grape must other than that of heading 20.09.","Other wine; grape must with fermentation prevented or arrested by the addition of alcohol: Other - Wine, of an alcoholic strength by volume exceeding 13.7% vol but not exceeding 21.9% vol: Of an alcoholic strength by volume exceeding 15.9% vol but not exceeding 16.9% vol"
22042924,"Wine of fresh grapes, including fortified wines; grape must other than that of heading 20.09.","Other wine; grape must with fermentation prevented or arrested by the addition of alcohol: Other - Wine, of an alcoholic strength by volume exceeding 13.7% vol but not exceeding 21.9% vol: Of an alcoholic strength by volume exceeding 16.9% vol but not exceeding 17.9% vol"
22042925,"Wine of fresh grapes, including fortified wines; grape must other than that of heading 20.09.","Other wine; grape must with fermentation prevented or arrested by the addition of alcohol: Other - Wine, of an alcoholic strength by volume exceeding 13.7% vol but not exceeding 21.9% vol: Of an alcoholic strength by volume exceeding 17.9% vol but not exceeding 18.9% vol"
22042926,"Wine of fresh grapes, including fortified wines; grape must other than that of heading 20.09.","Other wine; grape must with fermentation prevented or arrested by the addition of alcohol: Other - Wine, of an alcoholic strength by volume exceeding 13.7% vol but not exceeding 21.9% vol: Of an alcoholic strength by volume exceeding 18.9% vol but not exceeding 19.9% vol"
22042927,"Wine of fresh grapes, including fortified wines; grape must other than that of heading 20.09.","Other wine; grape must with fermentation prevented or arrested by the addition of alcohol: Other - Wine, of an alcoholic strength by volume exceeding 13.7% vol but not exceeding 21.9% vol: Of an alcoholic strength by volume exceeding 19.9% vol but not exceeding 20.9% vol"
22042928,"Wine of fresh grapes, including fortified wines; grape must other than that of heading 20.09.","Other wine; grape must with fermentation prevented or arrested by the addition of alcohol: Other - Wine, of an alcoholic strength by volume exceeding 13.7% vol but not exceeding 21.9% vol: Of an alcoholic strength by volume exceeding 20.9% vol but not exceeding 21.9% vol"
22042931,"Wine of fresh grapes, including fortified wines; grape must other than that of heading 20.09.","Other wine; grape must with fermentation prevented or arrested by the addition of alcohol: Other - Wine, of an alcoholic strength by volume exceeding 21.9% vol: Of an alcoholic strength by volume exceeding 21.9% vol but not exceeding 22.9% vol"
22042932,"Wine of fresh grapes, including fortified wines; grape must other than that of heading 20.09.","Other wine; grape must with fermentation prevented or arrested by the addition of alcohol: Other - Wine, of an alcoholic strength by volume exceeding 21.9% vol: Of an alcoholic strength by volume exceeding 22.9% vol"
22042941,"Wine of fresh grapes, including fortified wines; grape must other than that of heading 20.09.",Other wine; grape must with fermentation prevented or arrested by the addition of alcohol: Other - Grape must with fermentation prevented or arrested by the addition of alcohol: Of an alcoholic strength by volume not exceeding 22.9% vol
22042949,"Wine of fresh grapes, including fortified wines; grape must other than that of heading 20.09.",Other wine; grape must with fermentation prevented or arrested by the addition of alcohol: Other - Grape must with fermentation prevented or arrested by the addition of alcohol: Other
22043010,"Wine of fresh grapes, including fortified wines; grape must other than that of heading 20.09.",Other grape must - Of an alcoholic strength by volume not exceeding 22.9% vol
22043090,"Wine of fresh grapes, including fortified wines; grape must other than that of heading 20.09.",Other grape must - Other
22051010,Vermouth and other wine of fresh grapes flavoured with plants or aromatic substances.,In containers holding 2 litres or less - Of an alcoholic strength by volume not exceeding 18.3% vol
22051020,Vermouth and other wine of fresh grapes flavoured with plants or aromatic substances.,In containers holding 2 litres or less - Of an alcoholic strength by volume exceeding 18.3% vol but not exceeding 22.9% vol
22051030,Vermouth and other wine of fresh grapes flavoured with plants or aromatic substances.,In containers holding 2 litres or less - Of an alcoholic strength by volume exceeding 22.9% vol
22059010,Vermouth and other wine of fresh grapes flavoured with plants or aromatic substances.,Other - Of an alcoholic strength by volume not exceeding 18.3% vol
22059020,Vermouth and other wine of fresh grapes flavoured with plants or aromatic substances.,Other - Of an alcoholic strength by volume exceeding 18.3% vol but not exceeding 22.9% vol
22059030,Vermouth and other wine of fresh grapes flavoured with plants or aromatic substances.,Other - Of an alcoholic strength by volume exceeding 22.9% vol
22060011,"Other fermented beverages (for example, cider, perry, mead, saké); mixtures of fermented beverages and mixtures of fermented beverages and non-alcoholic beverages, not elsewhere specified or included.","Cider: Sparkling, of an alcoholic strength by volume not exceeding 22.9% vol"
22060012,"Other fermented beverages (for example, cider, perry, mead, saké); mixtures of fermented beverages and mixtures of fermented beverages and non-alcoholic beverages, not elsewhere specified or included.",Cider: Other sparkling
22060018,"Other fermented beverages (for example, cider, perry, mead, saké); mixtures of fermented beverages and mixtures of fermented beverages and non-alcoholic beverages, not elsewhere specified or included.","Cider: Other cider, of an alcoholic strength by volume not exceeding 22.9% vol"
22060019,"Other fermented beverages (for example, cider, perry, mead, saké); mixtures of fermented beverages and mixtures of fermented beverages and non-alcoholic beverages, not elsewhere specified or included.",Cider: Other
22060021,"Other fermented beverages (for example, cider, perry, mead, saké); mixtures of fermented beverages and mixtures of fermented beverages and non-alcoholic beverages, not elsewhere specified or included.",Prune wine: Of an alcoholic strength by volume not exceeding 22.9% vol
22060022,"Other fermented beverages (for example, cider, perry, mead, saké); mixtures of fermented beverages and mixtures of fermented beverages and non-alcoholic beverages, not elsewhere specified or included.",Prune wine: Of an alcoholic strength by volume exceeding 22.9% vol
22060031,"Other fermented beverages (for example, cider, perry, mead, saké); mixtures of fermented beverages and mixtures of fermented beverages and non-alcoholic beverages, not elsewhere specified or included.","Perry, sparkling: Of an alcoholic strength by volume not exceeding 22.9% vol"
22060039,"Other fermented beverages (for example, cider, perry, mead, saké); mixtures of fermented beverages and mixtures of fermented beverages and non-alcoholic beverages, not elsewhere specified or included.","Perry, sparkling: Other"
22060041,"Other fermented beverages (for example, cider, perry, mead, saké); mixtures of fermented beverages and mixtures of fermented beverages and non-alcoholic beverages, not elsewhere specified or included.","Other wine, sparkling: Of an alcoholic strength by volume not exceeding 22.9% vol"
22060049,"Other fermented beverages (for example, cider, perry, mead, saké); mixtures of fermented beverages and mixtures of fermented beverages and non-alcoholic beverages, not elsewhere specified or included.","Other wine, sparkling: Other"
22060050,"Other fermented beverages (for example, cider, perry, mead, saké); mixtures of fermented beverages and mixtures of fermented beverages and non-alcoholic beverages, not elsewhere specified or included.","Sake and other wine, not sparkling, of an alcoholic strength by volume not exceeding 13.7% vol"
22060061,"Other fermented beverages (for example, cider, perry, mead, saké); mixtures of fermented beverages and mixtures of fermented beverages and non-alcoholic beverages, not elsewhere specified or included.","Sake and other wine, not sparkling, of an alcoholic strength by volume exceeding 13.7% vol but not exceeding 21.9% vol: Of an alcoholic strength by volume not exceeding 14.9% vol"
22060062,"Other fermented beverages (for example, cider, perry, mead, saké); mixtures of fermented beverages and mixtures of fermented beverages and non-alcoholic beverages, not elsewhere specified or included.","Sake and other wine, not sparkling, of an alcoholic strength by volume exceeding 13.7% vol but not exceeding 21.9% vol: Of an alcoholic strength by volume exceeding 14.9% vol but not exceeding 15.9% vol"
22060063,"Other fermented beverages (for example, cider, perry, mead, saké); mixtures of fermented beverages and mixtures of fermented beverages and non-alcoholic beverages, not elsewhere specified or included.","Sake and other wine, not sparkling, of an alcoholic strength by volume exceeding 13.7% vol but not exceeding 21.9% vol: Of an alcoholic strength by volume exceeding 15.9% vol but not exceeding 16.9% vol"
22060064,"Other fermented beverages (for example, cider, perry, mead, saké); mixtures of fermented beverages and mixtures of fermented beverages and non-alcoholic beverages, not elsewhere specified or included.","Sake and other wine, not sparkling, of an alcoholic strength by volume exceeding 13.7% vol but not exceeding 21.9% vol: Of an alcoholic strength by volume exceeding 16.9% vol but not exceeding 17.9% vol"
22060065,"Other fermented beverages (for example, cider, perry, mead, saké); mixtures of fermented beverages and mixtures of fermented beverages and non-alcoholic beverages, not elsewhere specified or included.","Sake and other wine, not sparkling, of an alcoholic strength by volume exceeding 13.7% vol but not exceeding 21.9% vol: Of an alcoholic strength by volume exceeding 17.9% vol but not exceeding 18.9% vol"
22060066,"Other fermented beverages (for example, cider, perry, mead, saké); mixtures of fermented beverages and mixtures of fermented beverages and non-alcoholic beverages, not elsewhere specified or included.","Sake and other wine, not sparkling, of an alcoholic strength by volume exceeding 13.7% vol but not exceeding 21.9% vol: Of an alcoholic strength by volume exceeding 18.9% vol but not exceeding 19.9% vol"
22060067,"Other fermented beverages (for example, cider, perry, mead, saké); mixtures of fermented beverages and mixtures of fermented beverages and non-alcoholic beverages, not elsewhere specified or included.","Sake and other wine, not sparkling, of an alcoholic strength by volume exceeding 13.7% vol but not exceeding 21.9% vol: Of an alcoholic strength by volume exceeding 19.9% vol but not exceeding 20.9% vol"
22060068,"Other fermented beverages (for example, cider, perry, mead, saké); mixtures of fermented beverages and mixtures of fermented beverages and non-alcoholic beverages, not elsewhere specified or included.","Sake and other wine, not sparkling, of an alcoholic strength by volume exceeding 13.7% vol but not exceeding 21.9% vol: Of an alcoholic strength by volume exceeding 20.9% vol but not exceeding 21.9% vol"
22060071,"Other fermented beverages (for example, cider, perry, mead, saké); mixtures of fermented beverages and mixtures of fermented beverages and non-alcoholic beverages, not elsewhere specified or included.","Sake and other wine, not sparkling, of an alcoholic strength by volume exceeding 21.9% vol: Of an alcoholic strength by volume not exceeding 22.9% vol"
22060072,"Other fermented beverages (for example, cider, perry, mead, saké); mixtures of fermented beverages and mixtures of fermented beverages and non-alcoholic beverages, not elsewhere specified or included.","Sake and other wine, not sparkling, of an alcoholic strength by volume exceeding 21.9% vol: Of an alcoholic strength by volume exceeding 22.9% vol"
22060080,"Other fermented beverages (for example, cider, perry, mead, saké); mixtures of fermented beverages and mixtures of fermented beverages and non-alcoholic beverages, not elsewhere specified or included.",Ginger beer and herbal beer
22060091,"Other fermented beverages (for example, cider, perry, mead, saké); mixtures of fermented beverages and mixtures of fermented beverages and non-alcoholic beverages, not elsewhere specified or included.",Other: Mead
22060092,"Other fermented beverages (for example, cider, perry, mead, saké); mixtures of fermented beverages and mixtures of fermented beverages and non-alcoholic beverages, not elsewhere specified or included.","Other: Other, of an alcoholic strength by volume not exceeding 22.9% vol"
22060093,"Other fermented beverages (for example, cider, perry, mead, saké); mixtures of fermented beverages and mixtures of fermented beverages and non-alcoholic beverages, not elsewhere specified or included.","Other: Other, of an alcoholic strength by volume exceeding 22.9% vol"
22082000,"Undenatured ethyl alcohol of an alcoholic strength by volume of less than 80% vol; spirits, liqueurs and other spirituous beverages.",Spirits obtained by distilling grape wine or grape marc
22083000,"Undenatured ethyl alcohol of an alcoholic strength by volume of less than 80% vol; spirits, liqueurs and other spirituous beverages.",Whiskies
22084010,"Undenatured ethyl alcohol of an alcoholic strength by volume of less than 80% vol; spirits, liqueurs and other spirituous beverages.",Rum and other spirits obtained by distilling fermented sugar-cane products - Rum
22084090,"Undenatured ethyl alcohol of an alcoholic strength by volume of less than 80% vol; spirits, liqueurs and other spirituous beverages.",Rum and other spirits obtained by distilling fermented sugar-cane products - Other
22085000,"Undenatured ethyl alcohol of an alcoholic strength by volume of less than 80% vol; spirits, liqueurs and other spirituous beverages.",Gin and Geneva
22086000,"Undenatured ethyl alcohol of an alcoholic strength by volume of less than 80% vol; spirits, liqueurs and other spirituous beverages.",Vodka
22087000,"Undenatured ethyl alcohol of an alcoholic strength by volume of less than 80% vol; spirits, liqueurs and other spirituous beverages.",Liqueurs and cordials
22089010,"Undenatured ethyl alcohol of an alcoholic strength by volume of less than 80% vol; spirits, liqueurs and other spirituous beverages.",Other - Tequila
22089021,"Undenatured ethyl alcohol of an alcoholic strength by volume of less than 80% vol; spirits, liqueurs and other spirituous beverages.",Other - Undenatured ethyl alcohol: For use as a spirituous or alcoholic beverage or for use in the manufacture of spirituous or alcoholic beverages
22089029,"Undenatured ethyl alcohol of an alcoholic strength by volume of less than 80% vol; spirits, liqueurs and other spirituous beverages.",Other - Undenatured ethyl alcohol: Other
22089030,"Undenatured ethyl alcohol of an alcoholic strength by volume of less than 80% vol; spirits, liqueurs and other spirituous beverages.",Other - Angostura bitters
22089041,"Undenatured ethyl alcohol of an alcoholic strength by volume of less than 80% vol; spirits, liqueurs and other spirituous beverages.","Other - Spirituous fruit juices of an alcoholic strength by volume not exceeding 14.3% vol: Packaged, of an alcoholic strength by volume not exceeding 7% vol"
22089049,"Undenatured ethyl alcohol of an alcoholic strength by volume of less than 80% vol; spirits, liqueurs and other spirituous beverages.",Other - Spirituous fruit juices of an alcoholic strength by volume not exceeding 14.3% vol: Other
22089092,"Undenatured ethyl alcohol of an alcoholic strength by volume of less than 80% vol; spirits, liqueurs and other spirituous beverages.",Other - Other: Fruit brandies
22089098,"Undenatured ethyl alcohol of an alcoholic strength by volume of less than 80% vol; spirits, liqueurs and other spirituous beverages.","Other - Other: Other, packaged, of an alcoholic strength by volume not exceeding 7%"
22089099,"Undenatured ethyl alcohol of an alcoholic strength by volume of less than 80% vol; spirits, liqueurs and other spirituous beverages.",Other - Other: Other
23099032,Preparations of a kind used in animal feeding.,"Other - Complete feeds and feed supplements, including concentrates: Containing 50% or more by weight in the dry state of non-fat milk solids, over access commitment"
24011010,Unmanufactured tobacco; tobacco refuse.,"Tobacco, not stemmed/stripped - For use as wrappers in the manufacture of cigars"
24011091,Unmanufactured tobacco; tobacco refuse.,"Tobacco, not stemmed/stripped - Other: Turkish type"
24011099,Unmanufactured tobacco; tobacco refuse.,"Tobacco, not stemmed/stripped - Other: Other"
24012010,Unmanufactured tobacco; tobacco refuse.,"Tobacco, partly or wholly stemmed/stripped - Wrapper tobacco for use in the manufacture of cigars"
24012090,Unmanufactured tobacco; tobacco refuse.,"Tobacco, partly or wholly stemmed/stripped - Other"
24013000,Unmanufactured tobacco; tobacco refuse.,Tobacco refuse
24021000,"Cigars, cheroots, cigarillos and cigarettes, of tobacco or of tobacco substitutes.","Cigars, cheroots and cigarillos, containing tobacco"
24022000,"Cigars, cheroots, cigarillos and cigarettes, of tobacco or of tobacco substitutes.",Cigarettes containing tobacco
24029000,"Cigars, cheroots, cigarillos and cigarettes, of tobacco or of tobacco substitutes.",Other
24031100,"Other manufactured tobacco and manufactured tobacco substitutes; ""homogenized"" or ""reconstituted"" tobacco; tobacco extracts and essences.","Smoking tobacco, whether or not containing tobacco substitutes in any proportion: Water pipe tobacco specified in Subheading Note 1 to this Chapter"
24031900,"Other manufactured tobacco and manufactured tobacco substitutes; ""homogenized"" or ""reconstituted"" tobacco; tobacco extracts and essences.","Smoking tobacco, whether or not containing tobacco substitutes in any proportion: Other"
24039110,"Other manufactured tobacco and manufactured tobacco substitutes; ""homogenized"" or ""reconstituted"" tobacco; tobacco extracts and essences.","Other: ""Homogenized'' or ""reconstituted'' tobacco - Suitable for use as wrapper tobacco"
24039120,"Other manufactured tobacco and manufactured tobacco substitutes; ""homogenized"" or ""reconstituted"" tobacco; tobacco extracts and essences.","Other: ""Homogenized'' or ""reconstituted'' tobacco - Processed leaf tobacco suitable for use as cigar binders"
24039190,"Other manufactured tobacco and manufactured tobacco substitutes; ""homogenized"" or ""reconstituted"" tobacco; tobacco extracts and essences.","Other: ""Homogenized'' or ""reconstituted'' tobacco - Other"
24039910,"Other manufactured tobacco and manufactured tobacco substitutes; ""homogenized"" or ""reconstituted"" tobacco; tobacco extracts and essences.",Other: Other - Snuff
24039920,"Other manufactured tobacco and manufactured tobacco substitutes; ""homogenized"" or ""reconstituted"" tobacco; tobacco extracts and essences.",Other: Other - Manufactured tobacco substitutes not containing tobacco
24039990,"Other manufactured tobacco and manufactured tobacco substitutes; ""homogenized"" or ""reconstituted"" tobacco; tobacco extracts and essences.",Other: Other - Other
24041110,"Products containing tobacco, reconstituted tobacco, nicotine, or tobacco or nicotine substitutes, intended for inhalation without combustion; other nicotine containing products intended for the intake of nicotine into the human body.",Products intended for inhalation without combustion: Containing tobacco or reconstituted tobacco - Containing homogenized or reconstituted tobacco
24041190,"Products containing tobacco, reconstituted tobacco, nicotine, or tobacco or nicotine substitutes, intended for inhalation without combustion; other nicotine containing products intended for the intake of nicotine into the human body.",Products intended for inhalation without combustion: Containing tobacco or reconstituted tobacco - Other tobacco
24041200,"Products containing tobacco, reconstituted tobacco, nicotine, or tobacco or nicotine substitutes, intended for inhalation without combustion; other nicotine containing products intended for the intake of nicotine into the human body.","Products intended for inhalation without combustion: Other, containing nicotine"
24041900,"Products containing tobacco, reconstituted tobacco, nicotine, or tobacco or nicotine substitutes, intended for inhalation without combustion; other nicotine containing products intended for the intake of nicotine into the human body.",Products intended for inhalation without combustion: Other
24049100,"Products containing tobacco, reconstituted tobacco, nicotine, or tobacco or nicotine substitutes, intended for inhalation without combustion; other nicotine containing products intended for the intake of nicotine into the human body.",Other: For oral application
24049200,"Products containing tobacco, reconstituted tobacco, nicotine, or tobacco or nicotine substitutes, intended for inhalation without combustion; other nicotine containing products intended for the intake of nicotine into the human body.",Other: For transdermal application
24049900,"Products containing tobacco, reconstituted tobacco, nicotine, or tobacco or nicotine substitutes, intended for inhalation without combustion; other nicotine containing products intended for the intake of nicotine into the human body.",Other: Other
25051000,"Natural sands of all kinds, whether or not coloured, other than metal-bearing sands of Chapter 26.",Silica sand and quartz sands
33030000,Perfumes and toilet waters.,
33041000,"Beauty or make-up preparations and preparations for the care of the skin (other than medicaments), including sunscreen or sun tan preparations; manicure or pedicure preparations.",Lip make-up preparations
33042000,"Beauty or make-up preparations and preparations for the care of the skin (other than medicaments), including sunscreen or sun tan preparations; manicure or pedicure preparations.",Eye make-up preparations
33043000,"Beauty or make-up preparations and preparations for the care of the skin (other than medicaments), including sunscreen or sun tan preparations; manicure or pedicure preparations.",Manicure or pedicure preparations
33049100,"Beauty or make-up preparations and preparations for the care of the skin (other than medicaments), including sunscreen or sun tan preparations; manicure or pedicure preparations.","Other: Powders, whether or not compressed"
33049990,"Beauty or make-up preparations and preparations for the care of the skin (other than medicaments), including sunscreen or sun tan preparations; manicure or pedicure preparations.",Other: Other - Other
33051000,Preparations for use on the hair.,Shampoos
33052000,Preparations for use on the hair.,Preparations for permanent waving or straightening
33053000,Preparations for use on the hair.,Hair lacquers
33059000,Preparations for use on the hair.,Other
33061000,"Preparations for oral or dental hygiene, including denture fixative pastes and powders; yarn used to clean between the teeth (dental floss), in individual retail packages.",Dentifrices
33062000,"Preparations for oral or dental hygiene, including denture fixative pastes and powders; yarn used to clean between the teeth (dental floss), in individual retail packages.",Yarn used to clean between the teeth (dental floss)
33071000,"Pre-shave, shaving or after-shave preparations, personal deodorants, bath preparations, depilatories and other perfumery, cosmetic or toilet preparations, not elsewhere specified or included; prepared room deodorizers, whether or not perfumed or having disinfectant properties.","Pre-shave, shaving or after-shave preparations"
33072000,"Pre-shave, shaving or after-shave preparations, personal deodorants, bath preparations, depilatories and other perfumery, cosmetic or toilet preparations, not elsewhere specified or included; prepared room deodorizers, whether or not perfumed or having disinfectant properties.",Personal deodorants and antiperspirants
33073000,"Pre-shave, shaving or after-shave preparations, personal deodorants, bath preparations, depilatories and other perfumery, cosmetic or toilet preparations, not elsewhere specified or included; prepared room deodorizers, whether or not perfumed or having disinfectant properties.",Perfumed bath salts and other bath preparations
33074100,"Pre-shave, shaving or after-shave preparations, personal deodorants, bath preparations, depilatories and other perfumery, cosmetic or toilet preparations, not elsewhere specified or included; prepared room deodorizers, whether or not perfumed or having disinfectant properties.","Preparations for perfuming or deodorizing rooms, including odoriferous preparations used during religious rites: ""Agarbatti"" and other odoriferous preparations which operate by burning"
33074900,"Pre-shave, shaving or after-shave preparations, personal deodorants, bath preparations, depilatories and other perfumery, cosmetic or toilet preparations, not elsewhere specified or included; prepared room deodorizers, whether or not perfumed or having disinfectant properties.","Preparations for perfuming or deodorizing rooms, including odoriferous preparations used during religious rites: Other"
34011110,"Soap; organic surface-active products and preparations for use as soap, in the form of bars, cakes, moulded pieces or shapes, whether or not containing soap; organic surface-active products and preparations for washing the skin, in the form of liquid or cream and put up for retail sale, whether or not containing soap; paper, wadding, felt and nonwovens, impregnated, coated or covered with soap or detergent.","Soap and organic surface-active products and preparations, in the form of bars, cakes, moulded pieces or shapes, and paper, wadding, felt and nonwovens, impregnated, coated or covered with soap or detergent: For toilet use (including medicated products) - Castile soap"
34011190,"Soap; organic surface-active products and preparations for use as soap, in the form of bars, cakes, moulded pieces or shapes, whether or not containing soap; organic surface-active products and preparations for washing the skin, in the form of liquid or cream and put up for retail sale, whether or not containing soap; paper, wadding, felt and nonwovens, impregnated, coated or covered with soap or detergent.","Soap and organic surface-active products and preparations, in the form of bars, cakes, moulded pieces or shapes, and paper, wadding, felt and nonwovens, impregnated, coated or covered with soap or detergent: For toilet use (including medicated products) - Other"
34011900,"Soap; organic surface-active products and preparations for use as soap, in the form of bars, cakes, moulded pieces or shapes, whether or not containing soap; organic surface-active products and preparations for washing the skin, in the form of liquid or cream and put up for retail sale, whether or not containing soap; paper, wadding, felt and nonwovens, impregnated, coated or covered with soap or detergent.","Soap and organic surface-active products and preparations, in the form of bars, cakes, moulded pieces or shapes, and paper, wadding, felt and nonwovens, impregnated, coated or covered with soap or detergent: Other"
34012020,"Soap; organic surface-active products and preparations for use as soap, in the form of bars, cakes, moulded pieces or shapes, whether or not containing soap; organic surface-active products and preparations for washing the skin, in the form of liquid or cream and put up for retail sale, whether or not containing soap; paper, wadding, felt and nonwovens, impregnated, coated or covered with soap or detergent.","Soap in other forms - Soap pellets containing sodium soaps of fatty acids and glycerol, for use in the manufacture of bar soaps"
34012090,"Soap; organic surface-active products and preparations for use as soap, in the form of bars, cakes, moulded pieces or shapes, whether or not containing soap; organic surface-active products and preparations for washing the skin, in the form of liquid or cream and put up for retail sale, whether or not containing soap; paper, wadding, felt and nonwovens, impregnated, coated or covered with soap or detergent.",Soap in other forms - Other
34013000,"Soap; organic surface-active products and preparations for use as soap, in the form of bars, cakes, moulded pieces or shapes, whether or not containing soap; organic surface-active products and preparations for washing the skin, in the form of liquid or cream and put up for retail sale, whether or not containing soap; paper, wadding, felt and nonwovens, impregnated, coated or covered with soap or detergent.","Organic suface-active products and preparations for washing the skin, in the form of liquid or cream and put up for retail sale, whether or not containing soap"
35011000,"Casein, caseinates and other casein derivatives; casein glues.",Casein
35021120,"Albumins (including concentrates of two or more whey proteins, containing by weight more than 80% whey proteins, calculated on the dry matter), albuminates and other albumin derivatives.",Egg albumin: Dried - Over access commitment
35021920,"Albumins (including concentrates of two or more whey proteins, containing by weight more than 80% whey proteins, calculated on the dry matter), albuminates and other albumin derivatives.",Egg albumin: Other - Over access commitment
35022000,"Albumins (including concentrates of two or more whey proteins, containing by weight more than 80% whey proteins, calculated on the dry matter), albuminates and other albumin derivatives.","Milk albumin, including concentrates of two or more whey proteins"
35040012,"Peptones and their derivatives; other protein substances and their derivatives, not elsewhere specified or included; hide powder, whether or not chromed.",Milk protein substances: Over access commitment
39181010,"Floor coverings of plastics, whether or not self-adhesive, in rolls or in the form of tiles; wall or ceiling coverings of plastics, as defined in Note 9 to this Chapter.","Of polymers of vinyl chloride - Wall or ceiling coverings combined with knitted or woven fabrics, nonwovens or felt"
39181090,"Floor coverings of plastics, whether or not self-adhesive, in rolls or in the form of tiles; wall or ceiling coverings of plastics, as defined in Note 9 to this Chapter.",Of polymers of vinyl chloride - Other
39189010,"Floor coverings of plastics, whether or not self-adhesive, in rolls or in the form of tiles; wall or ceiling coverings of plastics, as defined in Note 9 to this Chapter.","Of other plastics - Wall or ceiling coverings combined with knitted or woven fabrics, nonwovens or felt"
39189090,"Floor coverings of plastics, whether or not self-adhesive, in rolls or in the form of tiles; wall or ceiling coverings of plastics, as defined in Note 9 to this Chapter.",Of other plastics - Other
39191099,"Self-adhesive plates, sheets, film, foil, tape, strip and other flat shapes, of plastics, whether or not in rolls.",In rolls of a width not exceeding 20 cm - Other: Other
39221000,"Baths, shower-baths, sinks, wash-basins, bidets, lavatory pans, seats and covers, flushing cisterns and similar sanitary ware, of plastics.","Baths, shower-baths, sinks and wash-basins"
39222000,"Baths, shower-baths, sinks, wash-basins, bidets, lavatory pans, seats and covers, flushing cisterns and similar sanitary ware, of plastics.",Lavatory seats and covers
39229000,"Baths, shower-baths, sinks, wash-basins, bidets, lavatory pans, seats and covers, flushing cisterns and similar sanitary ware, of plastics.",Other
39232190,"Articles for the conveyance or packing of goods, of plastics; stoppers, lids, caps and other closures, of plastics.",Sacks and bags (including cones): Of polymers of ethylene - Other
39232990,"Articles for the conveyance or packing of goods, of plastics; stoppers, lids, caps and other closures, of plastics.",Sacks and bags (including cones): Of other plastics - Other
39241000,"Tableware, kitchenware, other household articles and hygienic or toilet articles, of plastics.",Tableware and kitchenware
39249000,"Tableware, kitchenware, other household articles and hygienic or toilet articles, of plastics.",Other
39251000,"Builders' ware of plastics, not elsewhere specified or included.","Reservoirs, tanks, vats and similar containers, of a capacity exceeding 300 litres"
39252000,"Builders' ware of plastics, not elsewhere specified or included.","Doors, windows and their frames and thresholds for doors"
39253000,"Builders' ware of plastics, not elsewhere specified or included.","Shutters, blinds (including Venetian blinds) and similar articles and parts thereof"
39259000,"Builders' ware of plastics, not elsewhere specified or included.",Other
40111000,"New pneumatic tires, of rubber.",Of a kind used on motor cars (including station wagons and racing cars)
40112000,"New pneumatic tires, of rubber.","Of a kind used on light trucks, other"
40113000,"New pneumatic tires, of rubber.",Of a kind used on aircraft
40114000,"New pneumatic tires, of rubber.",Of a kind used on motorcycles
40115000,"New pneumatic tires, of rubber.",Of a kind used on bicycles
40117010,"New pneumatic tires, of rubber.","Of a kind used on agricultural or forestry vehicles and machines - For use with appliances of subheading 8424.82, levellers of subheading  8429.20 used for farm purposes only, combination excavating and  transporting scrapers of subheading 8429.30 or 8430.69, traction ditching  machines of subheading 8429.59 or 8430.69 used for farm purposes only,  agricultural machinery for soil preparation or cultivation of heading 84.32,  harvesting or threshing machinery (including straw or fodder balers) and  agricultural mowers of heading 84.33, tractors of heading 87.01 powered  by internal combustion engines and used for farm purposes only, and  spraying vehicles of subheading 8705.90 for agricultural use for spreading dry or liquid fertilizer or sludge; Of a size of 36.00 X 51 or 40.00 X 57"
40117090,"New pneumatic tires, of rubber.",Of a kind used on agricultural or forestry vehicles and machines - Other
40118010,"New pneumatic tires, of rubber.","Of a kind used on construction, mining or industrial handling vehicles and machines - For use with combination excavating and transporting scrapers of subheading 8429.30 or 8430.69; Of a size of 36.00 X 51 or 40.00 X 57"
40118090,"New pneumatic tires, of rubber.","Of a kind used on construction, mining or industrial handling vehicles and machines - Other"
40119010,"New pneumatic tires, of rubber.","Other - For use with appliances of subheading 8424.82, combination excavating and transporting scrapers of subheading 8429.30 or 8430.69, horticultural machinery for soil preparation and lawn or sports-ground rollers of heading 84.32, horticultural mowers (other than mowers for lawns, parks or sports-grounds) of heading 84.33; Of a size of 36.00 X 51 or 40.00 X 57"
40119090,"New pneumatic tires, of rubber.",Other - Other
40121100,"Retreaded or used pneumatic tires of rubber; solid or cushion tires, tire treads and tire flaps, of rubber.",Retreaded tires: Of a kind used on motor cars (including station wagons and racing cars)
40121200,"Retreaded or used pneumatic tires of rubber; solid or cushion tires, tire treads and tire flaps, of rubber.",Retreaded tires: Of a kind used on buses or lorries
40121300,"Retreaded or used pneumatic tires of rubber; solid or cushion tires, tire treads and tire flaps, of rubber.",Retreaded tires: Of a kind used on aircraft
40121900,"Retreaded or used pneumatic tires of rubber; solid or cushion tires, tire treads and tire flaps, of rubber.",Retreaded tires: Other
40122010,"Retreaded or used pneumatic tires of rubber; solid or cushion tires, tire treads and tire flaps, of rubber.",Used pneumatic tires - Of a size of 3600 X 51 or 4000 X 57
40122020,"Retreaded or used pneumatic tires of rubber; solid or cushion tires, tire treads and tire flaps, of rubber.","Used pneumatic tires - Of a kind used on vehicles, including tractors, for the on-highway transport of passengers or goods, or on vehicles of heading 87.05"
40122090,"Retreaded or used pneumatic tires of rubber; solid or cushion tires, tire treads and tire flaps, of rubber.",Used pneumatic tires - Other
40129010,"Retreaded or used pneumatic tires of rubber; solid or cushion tires, tire treads and tire flaps, of rubber.",Other - Rimtape (tire flaps) for use in the manufacture of bicycles or bicycle wheels
40129090,"Retreaded or used pneumatic tires of rubber; solid or cushion tires, tire treads and tire flaps, of rubber.",Other - Other
40169100,Other articles of vulcanized rubber other than hard rubber.,Other: Floor coverings and mats
42010010,"Saddlery and harness for any animal (including traces, leads, knee pads, muzzles, saddle cloths, saddle bags, dog coats and the like), of any material.",English type saddles
42010090,"Saddlery and harness for any animal (including traces, leads, knee pads, muzzles, saddle cloths, saddle bags, dog coats and the like), of any material.",Other
42021100,"Trunks, suit-cases, vanity-cases, executive-cases, brief-cases, school satchels, spectacle cases, binocular cases, camera cases, musical instrument cases, gun cases, holsters and similar containers; travelling-bags, insulated food or beverage bags, toilet bags, rucksacks, handbags, shopping bags, wallets, purses, map-cases, cigarette-cases, tobacco-pouches, tool bags, sports bags, bottle-cases, jewellery boxes, powder-boxes, cutlery cases and similar containers, of leather or of composition leather, of sheeting of plastics, of textile materials, of vulcanized fibre or of paperboard, or wholly or mainly covered with such materials or with paper.","Trunks, suit-cases, vanity-cases, executive-cases, brief-cases, school satchels and similar containers: With outer surface of leather or of composition leather"
42021210,"Trunks, suit-cases, vanity-cases, executive-cases, brief-cases, school satchels, spectacle cases, binocular cases, camera cases, musical instrument cases, gun cases, holsters and similar containers; travelling-bags, insulated food or beverage bags, toilet bags, rucksacks, handbags, shopping bags, wallets, purses, map-cases, cigarette-cases, tobacco-pouches, tool bags, sports bags, bottle-cases, jewellery boxes, powder-boxes, cutlery cases and similar containers, of leather or of composition leather, of sheeting of plastics, of textile materials, of vulcanized fibre or of paperboard, or wholly or mainly covered with such materials or with paper.","Trunks, suit-cases, vanity-cases, executive-cases, brief-cases, school satchels and similar containers: With outer surface of plastics or of textile materials - With outer surface of textile materials, containing less than 85% by weight of silk or silk waste"
42021290,"Trunks, suit-cases, vanity-cases, executive-cases, brief-cases, school satchels, spectacle cases, binocular cases, camera cases, musical instrument cases, gun cases, holsters and similar containers; travelling-bags, insulated food or beverage bags, toilet bags, rucksacks, handbags, shopping bags, wallets, purses, map-cases, cigarette-cases, tobacco-pouches, tool bags, sports bags, bottle-cases, jewellery boxes, powder-boxes, cutlery cases and similar containers, of leather or of composition leather, of sheeting of plastics, of textile materials, of vulcanized fibre or of paperboard, or wholly or mainly covered with such materials or with paper.","Trunks, suit-cases, vanity-cases, executive-cases, brief-cases, school satchels and similar containers: With outer surface of plastics or of textile materials - Other"
42021900,"Trunks, suit-cases, vanity-cases, executive-cases, brief-cases, school satchels, spectacle cases, binocular cases, camera cases, musical instrument cases, gun cases, holsters and similar containers; travelling-bags, insulated food or beverage bags, toilet bags, rucksacks, handbags, shopping bags, wallets, purses, map-cases, cigarette-cases, tobacco-pouches, tool bags, sports bags, bottle-cases, jewellery boxes, powder-boxes, cutlery cases and similar containers, of leather or of composition leather, of sheeting of plastics, of textile materials, of vulcanized fibre or of paperboard, or wholly or mainly covered with such materials or with paper.","Trunks, suit-cases, vanity-cases, executive-cases, brief-cases, school satchels and similar containers: Other"
42022100,"Trunks, suit-cases, vanity-cases, executive-cases, brief-cases, school satchels, spectacle cases, binocular cases, camera cases, musical instrument cases, gun cases, holsters and similar containers; travelling-bags, insulated food or beverage bags, toilet bags, rucksacks, handbags, shopping bags, wallets, purses, map-cases, cigarette-cases, tobacco-pouches, tool bags, sports bags, bottle-cases, jewellery boxes, powder-boxes, cutlery cases and similar containers, of leather or of composition leather, of sheeting of plastics, of textile materials, of vulcanized fibre or of paperboard, or wholly or mainly covered with such materials or with paper.","Handbags, whether or not with shoulder strap, including those without handle: With outer surface of leather or of composition leather"
42022210,"Trunks, suit-cases, vanity-cases, executive-cases, brief-cases, school satchels, spectacle cases, binocular cases, camera cases, musical instrument cases, gun cases, holsters and similar containers; travelling-bags, insulated food or beverage bags, toilet bags, rucksacks, handbags, shopping bags, wallets, purses, map-cases, cigarette-cases, tobacco-pouches, tool bags, sports bags, bottle-cases, jewellery boxes, powder-boxes, cutlery cases and similar containers, of leather or of composition leather, of sheeting of plastics, of textile materials, of vulcanized fibre or of paperboard, or wholly or mainly covered with such materials or with paper.","Handbags, whether or not with shoulder strap, including those without handle: With outer surface of sheeting of plastics or of textile materials - With outer surface of textile materials (other than of abaca), containing less than 85% by weight of silk or silk waste"
42022290,"Trunks, suit-cases, vanity-cases, executive-cases, brief-cases, school satchels, spectacle cases, binocular cases, camera cases, musical instrument cases, gun cases, holsters and similar containers; travelling-bags, insulated food or beverage bags, toilet bags, rucksacks, handbags, shopping bags, wallets, purses, map-cases, cigarette-cases, tobacco-pouches, tool bags, sports bags, bottle-cases, jewellery boxes, powder-boxes, cutlery cases and similar containers, of leather or of composition leather, of sheeting of plastics, of textile materials, of vulcanized fibre or of paperboard, or wholly or mainly covered with such materials or with paper.","Handbags, whether or not with shoulder strap, including those without handle: With outer surface of sheeting of plastics or of textile materials - Other"
42022900,"Trunks, suit-cases, vanity-cases, executive-cases, brief-cases, school satchels, spectacle cases, binocular cases, camera cases, musical instrument cases, gun cases, holsters and similar containers; travelling-bags, insulated food or beverage bags, toilet bags, rucksacks, handbags, shopping bags, wallets, purses, map-cases, cigarette-cases, tobacco-pouches, tool bags, sports bags, bottle-cases, jewellery boxes, powder-boxes, cutlery cases and similar containers, of leather or of composition leather, of sheeting of plastics, of textile materials, of vulcanized fibre or of paperboard, or wholly or mainly covered with such materials or with paper.","Handbags, whether or not with shoulder strap, including those without handle: Other"
42023100,"Trunks, suit-cases, vanity-cases, executive-cases, brief-cases, school satchels, spectacle cases, binocular cases, camera cases, musical instrument cases, gun cases, holsters and similar containers; travelling-bags, insulated food or beverage bags, toilet bags, rucksacks, handbags, shopping bags, wallets, purses, map-cases, cigarette-cases, tobacco-pouches, tool bags, sports bags, bottle-cases, jewellery boxes, powder-boxes, cutlery cases and similar containers, of leather or of composition leather, of sheeting of plastics, of textile materials, of vulcanized fibre or of paperboard, or wholly or mainly covered with such materials or with paper.",Articles of a kind normally carried in the pocket or in the handbag: With outer surface of leather or of composition leather
42023210,"Trunks, suit-cases, vanity-cases, executive-cases, brief-cases, school satchels, spectacle cases, binocular cases, camera cases, musical instrument cases, gun cases, holsters and similar containers; travelling-bags, insulated food or beverage bags, toilet bags, rucksacks, handbags, shopping bags, wallets, purses, map-cases, cigarette-cases, tobacco-pouches, tool bags, sports bags, bottle-cases, jewellery boxes, powder-boxes, cutlery cases and similar containers, of leather or of composition leather, of sheeting of plastics, of textile materials, of vulcanized fibre or of paperboard, or wholly or mainly covered with such materials or with paper.","Articles of a kind normally carried in the pocket or in the handbag: With outer surface of sheeting of plastics or of textile materials - With outer surface of textile materials, containing less than 85% by weight of silk or silk waste"
42023290,"Trunks, suit-cases, vanity-cases, executive-cases, brief-cases, school satchels, spectacle cases, binocular cases, camera cases, musical instrument cases, gun cases, holsters and similar containers; travelling-bags, insulated food or beverage bags, toilet bags, rucksacks, handbags, shopping bags, wallets, purses, map-cases, cigarette-cases, tobacco-pouches, tool bags, sports bags, bottle-cases, jewellery boxes, powder-boxes, cutlery cases and similar containers, of leather or of composition leather, of sheeting of plastics, of textile materials, of vulcanized fibre or of paperboard, or wholly or mainly covered with such materials or with paper.",Articles of a kind normally carried in the pocket or in the handbag: With outer surface of sheeting of plastics or of textile materials - Other
42023900,"Trunks, suit-cases, vanity-cases, executive-cases, brief-cases, school satchels, spectacle cases, binocular cases, camera cases, musical instrument cases, gun cases, holsters and similar containers; travelling-bags, insulated food or beverage bags, toilet bags, rucksacks, handbags, shopping bags, wallets, purses, map-cases, cigarette-cases, tobacco-pouches, tool bags, sports bags, bottle-cases, jewellery boxes, powder-boxes, cutlery cases and similar containers, of leather or of composition leather, of sheeting of plastics, of textile materials, of vulcanized fibre or of paperboard, or wholly or mainly covered with such materials or with paper.",Articles of a kind normally carried in the pocket or in the handbag: Other
42029110,"Trunks, suit-cases, vanity-cases, executive-cases, brief-cases, school satchels, spectacle cases, binocular cases, camera cases, musical instrument cases, gun cases, holsters and similar containers; travelling-bags, insulated food or beverage bags, toilet bags, rucksacks, handbags, shopping bags, wallets, purses, map-cases, cigarette-cases, tobacco-pouches, tool bags, sports bags, bottle-cases, jewellery boxes, powder-boxes, cutlery cases and similar containers, of leather or of composition leather, of sheeting of plastics, of textile materials, of vulcanized fibre or of paperboard, or wholly or mainly covered with such materials or with paper.",Other: With outer surface of leather or of composition leather - Fitted cases for church bells; Golfbags
42029120,"Trunks, suit-cases, vanity-cases, executive-cases, brief-cases, school satchels, spectacle cases, binocular cases, camera cases, musical instrument cases, gun cases, holsters and similar containers; travelling-bags, insulated food or beverage bags, toilet bags, rucksacks, handbags, shopping bags, wallets, purses, map-cases, cigarette-cases, tobacco-pouches, tool bags, sports bags, bottle-cases, jewellery boxes, powder-boxes, cutlery cases and similar containers, of leather or of composition leather, of sheeting of plastics, of textile materials, of vulcanized fibre or of paperboard, or wholly or mainly covered with such materials or with paper.","Other: With outer surface of leather or of composition leather - Tool bags, haversacks, knapsacks, packsacks and rucksacks"
42029190,"Trunks, suit-cases, vanity-cases, executive-cases, brief-cases, school satchels, spectacle cases, binocular cases, camera cases, musical instrument cases, gun cases, holsters and similar containers; travelling-bags, insulated food or beverage bags, toilet bags, rucksacks, handbags, shopping bags, wallets, purses, map-cases, cigarette-cases, tobacco-pouches, tool bags, sports bags, bottle-cases, jewellery boxes, powder-boxes, cutlery cases and similar containers, of leather or of composition leather, of sheeting of plastics, of textile materials, of vulcanized fibre or of paperboard, or wholly or mainly covered with such materials or with paper.",Other: With outer surface of leather or of composition leather - Other
42029210,"Trunks, suit-cases, vanity-cases, executive-cases, brief-cases, school satchels, spectacle cases, binocular cases, camera cases, musical instrument cases, gun cases, holsters and similar containers; travelling-bags, insulated food or beverage bags, toilet bags, rucksacks, handbags, shopping bags, wallets, purses, map-cases, cigarette-cases, tobacco-pouches, tool bags, sports bags, bottle-cases, jewellery boxes, powder-boxes, cutlery cases and similar containers, of leather or of composition leather, of sheeting of plastics, of textile materials, of vulcanized fibre or of paperboard, or wholly or mainly covered with such materials or with paper.",Other: With outer surface of sheeting of plastics or of textile materials - Fitted cases for church bells; Golf bags
42029220,"Trunks, suit-cases, vanity-cases, executive-cases, brief-cases, school satchels, spectacle cases, binocular cases, camera cases, musical instrument cases, gun cases, holsters and similar containers; travelling-bags, insulated food or beverage bags, toilet bags, rucksacks, handbags, shopping bags, wallets, purses, map-cases, cigarette-cases, tobacco-pouches, tool bags, sports bags, bottle-cases, jewellery boxes, powder-boxes, cutlery cases and similar containers, of leather or of composition leather, of sheeting of plastics, of textile materials, of vulcanized fibre or of paperboard, or wholly or mainly covered with such materials or with paper.","Other: With outer surface of sheeting of plastics or of textile materials - Tool bags, haversacks, knapsacks, packsacks and rucksacks"
42029290,"Trunks, suit-cases, vanity-cases, executive-cases, brief-cases, school satchels, spectacle cases, binocular cases, camera cases, musical instrument cases, gun cases, holsters and similar containers; travelling-bags, insulated food or beverage bags, toilet bags, rucksacks, handbags, shopping bags, wallets, purses, map-cases, cigarette-cases, tobacco-pouches, tool bags, sports bags, bottle-cases, jewellery boxes, powder-boxes, cutlery cases and similar containers, of leather or of composition leather, of sheeting of plastics, of textile materials, of vulcanized fibre or of paperboard, or wholly or mainly covered with such materials or with paper.",Other: With outer surface of sheeting of plastics or of textile materials - Other
42029910,"Trunks, suit-cases, vanity-cases, executive-cases, brief-cases, school satchels, spectacle cases, binocular cases, camera cases, musical instrument cases, gun cases, holsters and similar containers; travelling-bags, insulated food or beverage bags, toilet bags, rucksacks, handbags, shopping bags, wallets, purses, map-cases, cigarette-cases, tobacco-pouches, tool bags, sports bags, bottle-cases, jewellery boxes, powder-boxes, cutlery cases and similar containers, of leather or of composition leather, of sheeting of plastics, of textile materials, of vulcanized fibre or of paperboard, or wholly or mainly covered with such materials or with paper.",Other: Other - Fitted cases for church bells
42029990,"Trunks, suit-cases, vanity-cases, executive-cases, brief-cases, school satchels, spectacle cases, binocular cases, camera cases, musical instrument cases, gun cases, holsters and similar containers; travelling-bags, insulated food or beverage bags, toilet bags, rucksacks, handbags, shopping bags, wallets, purses, map-cases, cigarette-cases, tobacco-pouches, tool bags, sports bags, bottle-cases, jewellery boxes, powder-boxes, cutlery cases and similar containers, of leather or of composition leather, of sheeting of plastics, of textile materials, of vulcanized fibre or of paperboard, or wholly or mainly covered with such materials or with paper.",Other: Other - Other
42031000,"Articles of apparel and clothing accessories, of leather or of composition leather.",Articles of apparel
42032100,"Articles of apparel and clothing accessories, of leather or of composition leather.","Gloves, mittens and mitts: Specially designed for use in sports"
42032910,"Articles of apparel and clothing accessories, of leather or of composition leather.","Gloves, mittens and mitts: Other - Gloves of goat (including kid) and/or hair sheep"
42032990,"Articles of apparel and clothing accessories, of leather or of composition leather.","Gloves, mittens and mitts: Other - Other"
42033000,"Articles of apparel and clothing accessories, of leather or of composition leather.",Belts and bandoliers
42034000,"Articles of apparel and clothing accessories, of leather or of composition leather.",Other clothing accessories
42050000,Other articles of leather or of composition leather.,
42060010,"Articles of gut (other than silk-worm gut), of goldbeater's skin, of bladders or of tendons.",Catgut
42060090,"Articles of gut (other than silk-worm gut), of goldbeater's skin, of bladders or of tendons.",Other
44071100,"Wood sawn or chipped lengthwise, sliced or peeled, whether or not planed, sanded or end-jointed, of a thickness exceeding 6 mm.",Coniferous: Of pine (Pinus spp.)
44071200,"Wood sawn or chipped lengthwise, sliced or peeled, whether or not planed, sanded or end-jointed, of a thickness exceeding 6 mm.",Coniferous: Of fir (Abies spp.) and spruce (Picea spp.)
44071300,"Wood sawn or chipped lengthwise, sliced or peeled, whether or not planed, sanded or end-jointed, of a thickness exceeding 6 mm.","Coniferous: Of S-P-F (spruce (Picea spp.), pine (Pinus spp.) and fir (Abies spp.))"
44071400,"Wood sawn or chipped lengthwise, sliced or peeled, whether or not planed, sanded or end-jointed, of a thickness exceeding 6 mm.",Coniferous: Of Hem-fir (Western hemlock (Tsuga heterophylla) and fir (Abies spp.))
44071900,"Wood sawn or chipped lengthwise, sliced or peeled, whether or not planed, sanded or end-jointed, of a thickness exceeding 6 mm.",Coniferous: Other
44072100,"Wood sawn or chipped lengthwise, sliced or peeled, whether or not planed, sanded or end-jointed, of a thickness exceeding 6 mm.",Of tropical wood: Mahogany (Swietenia spp.)
44072200,"Wood sawn or chipped lengthwise, sliced or peeled, whether or not planed, sanded or end-jointed, of a thickness exceeding 6 mm.","Of tropical wood: Virola, Imbuia and Balsa"
44072300,"Wood sawn or chipped lengthwise, sliced or peeled, whether or not planed, sanded or end-jointed, of a thickness exceeding 6 mm.",Of tropical wood: Teak
44072500,"Wood sawn or chipped lengthwise, sliced or peeled, whether or not planed, sanded or end-jointed, of a thickness exceeding 6 mm.","Of tropical wood: Dark Red Meranti, Light Red Meranti and Meranti Bakau"
44072600,"Wood sawn or chipped lengthwise, sliced or peeled, whether or not planed, sanded or end-jointed, of a thickness exceeding 6 mm.","Of tropical wood: White Lauan, White Meranti, White Seraya, Yellow Meranti and Alan"
44072700,"Wood sawn or chipped lengthwise, sliced or peeled, whether or not planed, sanded or end-jointed, of a thickness exceeding 6 mm.",Of tropical wood: Sapelli
44072800,"Wood sawn or chipped lengthwise, sliced or peeled, whether or not planed, sanded or end-jointed, of a thickness exceeding 6 mm.",Of tropical wood: Iroko
44072900,"Wood sawn or chipped lengthwise, sliced or peeled, whether or not planed, sanded or end-jointed, of a thickness exceeding 6 mm.",Of tropical wood: Other
44079100,"Wood sawn or chipped lengthwise, sliced or peeled, whether or not planed, sanded or end-jointed, of a thickness exceeding 6 mm.",Other: Of oak (Quercus spp.)
44079200,"Wood sawn or chipped lengthwise, sliced or peeled, whether or not planed, sanded or end-jointed, of a thickness exceeding 6 mm.",Other: Of beech (Fagus spp.)
44079300,"Wood sawn or chipped lengthwise, sliced or peeled, whether or not planed, sanded or end-jointed, of a thickness exceeding 6 mm.",Other: Of maple (Acer spp.)
44079400,"Wood sawn or chipped lengthwise, sliced or peeled, whether or not planed, sanded or end-jointed, of a thickness exceeding 6 mm.",Other: Of cherry (Prunus spp.)
44079500,"Wood sawn or chipped lengthwise, sliced or peeled, whether or not planed, sanded or end-jointed, of a thickness exceeding 6 mm.",Other: Of ash (Fraxinus spp.)
44079600,"Wood sawn or chipped lengthwise, sliced or peeled, whether or not planed, sanded or end-jointed, of a thickness exceeding 6 mm.",Other: Of birch (Betula spp.)
44079700,"Wood sawn or chipped lengthwise, sliced or peeled, whether or not planed, sanded or end-jointed, of a thickness exceeding 6 mm.",Other: Of poplar and aspen (Populus spp.)
44079900,"Wood sawn or chipped lengthwise, sliced or peeled, whether or not planed, sanded or end-jointed, of a thickness exceeding 6 mm.",Other: Other
44081000,"Sheets for veneering (including those obtained by slicing laminated wood), for plywood or for similar laminated wood and other wood, sawn lengthwise, sliced or peeled, whether or not planed, sanded, spliced or end-jointed, of a thickness not exceeding 6 mm.",Coniferous
44083100,"Sheets for veneering (including those obtained by slicing laminated wood), for plywood or for similar laminated wood and other wood, sawn lengthwise, sliced or peeled, whether or not planed, sanded, spliced or end-jointed, of a thickness not exceeding 6 mm.","Of tropical wood: Dark Red Meranti, Light Red Meranti and Meranti Bakau"
44083900,"Sheets for veneering (including those obtained by slicing laminated wood), for plywood or for similar laminated wood and other wood, sawn lengthwise, sliced or peeled, whether or not planed, sanded, spliced or end-jointed, of a thickness not exceeding 6 mm.",Of tropical wood: Other
44089000,"Sheets for veneering (including those obtained by slicing laminated wood), for plywood or for similar laminated wood and other wood, sawn lengthwise, sliced or peeled, whether or not planed, sanded, spliced or end-jointed, of a thickness not exceeding 6 mm.",Other
44091000,"Wood (including strips and friezes for parquet flooring, not assembled) continuously shaped (tongued, grooved, rebated, champhered, V-jointed, beaded, moulded, rounded or the like) along any of its edges, ends or faces, whether or not planed, sanded or end-jointed.",Coniferous
44092100,"Wood (including strips and friezes for parquet flooring, not assembled) continuously shaped (tongued, grooved, rebated, champhered, V-jointed, beaded, moulded, rounded or the like) along any of its edges, ends or faces, whether or not planed, sanded or end-jointed.",Non-coniferous: Of bamboo
44092200,"Wood (including strips and friezes for parquet flooring, not assembled) continuously shaped (tongued, grooved, rebated, champhered, V-jointed, beaded, moulded, rounded or the like) along any of its edges, ends or faces, whether or not planed, sanded or end-jointed.",Non-coniferous: Of tropical wood
44092910,"Wood (including strips and friezes for parquet flooring, not assembled) continuously shaped (tongued, grooved, rebated, champhered, V-jointed, beaded, moulded, rounded or the like) along any of its edges, ends or faces, whether or not planed, sanded or end-jointed.",Non-coniferous: Other - Flooring of oak (Quercus spp.)
44092990,"Wood (including strips and friezes for parquet flooring, not assembled) continuously shaped (tongued, grooved, rebated, champhered, V-jointed, beaded, moulded, rounded or the like) along any of its edges, ends or faces, whether or not planed, sanded or end-jointed.",Non-coniferous: Other - Other
44101100,"Particle board, oriented strand board (OSB) and similar board (for example, waferboard) of wood or other ligneous materials, whether or not agglomerated with resins or other organic binding substances.",Of wood: Particle board
44101200,"Particle board, oriented strand board (OSB) and similar board (for example, waferboard) of wood or other ligneous materials, whether or not agglomerated with resins or other organic binding substances.",Of wood: Oriented strand board (OSB)
44101900,"Particle board, oriented strand board (OSB) and similar board (for example, waferboard) of wood or other ligneous materials, whether or not agglomerated with resins or other organic binding substances.",Of wood: Other
44109000,"Particle board, oriented strand board (OSB) and similar board (for example, waferboard) of wood or other ligneous materials, whether or not agglomerated with resins or other organic binding substances.",Other
44111200,"Fibreboard of wood or other ligneous materials, whether or not bonded with resins or other organic substances.",Medium density fibreboard (MDF): Of a thickness not exceeding 5 mm
44111300,"Fibreboard of wood or other ligneous materials, whether or not bonded with resins or other organic substances.",Medium density fibreboard (MDF): Of a thickness exceeding 5 mm but not exceeding 9 mm
44111400,"Fibreboard of wood or other ligneous materials, whether or not bonded with resins or other organic substances.",Medium density fibreboard (MDF): Of a thickness exceeding 9 mm
44119210,"Fibreboard of wood or other ligneous materials, whether or not bonded with resins or other organic substances.","Other: Of a density exceeding 0.8 g/cm3 - Not mechanically worked or surface covered; Resin impregnated, containing 17% or more by weight of phenol-formaldehyde resin, for use in the manufacture of overlaid plywood or overlaid particle board"
44119290,"Fibreboard of wood or other ligneous materials, whether or not bonded with resins or other organic substances.",Other: Of a density exceeding 0.8 g/cm3 - Other
44119300,"Fibreboard of wood or other ligneous materials, whether or not bonded with resins or other organic substances.",Other: Of a density exceeding 0.5 g/cm3 but not exceeding 0.8 g/cm3
44119400,"Fibreboard of wood or other ligneous materials, whether or not bonded with resins or other organic substances.",Other: Of a density not exceeding 0.5 g/cm3
44121000,"Plywood, veneered panels and similar laminated wood.",Of bamboo
44123100,"Plywood, veneered panels and similar laminated wood.","Other plywood, consisting solely of sheets of wood (other than bamboo), each ply not exceeding 6 mm thickness: With at least one outer ply of tropical wood"
44123300,"Plywood, veneered panels and similar laminated wood.","Other plywood, consisting solely of sheets of wood (other than bamboo), each ply not exceeding 6 mm thickness: Other, with at least one outer ply of non-coniferous wood of the species alder (Alnus spp.), ash (Fraxinus spp.), beech (Fagus spp.), birch (Betula spp.), cherry (Prunus spp.), chestnut (Castanea spp.), elm (Ulmus spp.), eucalyptus (Eucalyptus spp.), hickory (Carya spp.), horse chestnut (Aesculus spp.), lime (Tilia spp.), maple (Acer spp.), oak (Quercus spp.), plane tree (Platanus spp.), poplar and aspen (Populus spp.), robinia (Robinia spp.), tulipwood (Liriodendron spp.) or walnut (Juglans spp.)"
44123400,"Plywood, veneered panels and similar laminated wood.","Other plywood, consisting solely of sheets of wood (other than bamboo), each ply not exceeding 6 mm thickness: Other, with at least one outer ply of non-coniferous wood not specified under subheading 4412.33"
44123900,"Plywood, veneered panels and similar laminated wood.","Other plywood, consisting solely of sheets of wood (other than bamboo), each ply not exceeding 6 mm thickness: Other, with both outer plies of coniferous wood"
44124100,"Plywood, veneered panels and similar laminated wood.",Laminated veneered lumber (LVL): With at least one outer ply of tropical wood
44124200,"Plywood, veneered panels and similar laminated wood.","Laminated veneered lumber (LVL): Other, with at least one outer ply of non-coniferous wood"
44124900,"Plywood, veneered panels and similar laminated wood.","Laminated veneered lumber (LVL): Other, with both outer plies of coniferous wood"
44125100,"Plywood, veneered panels and similar laminated wood.","Blockboard, laminboard and battenboard: With at least one outer ply of tropical wood"
44125200,"Plywood, veneered panels and similar laminated wood.","Blockboard, laminboard and battenboard: Other, with at least one outer ply of non-coniferous wood"
44125900,"Plywood, veneered panels and similar laminated wood.","Blockboard, laminboard and battenboard: Other, with both outer plies of coniferous wood"
44129100,"Plywood, veneered panels and similar laminated wood.",Other: With at least one outer ply of tropical wood
44129200,"Plywood, veneered panels and similar laminated wood.","Other: Other, with at least one outer ply of non-coniferous wood"
44129900,"Plywood, veneered panels and similar laminated wood.","Other: Other, with both outer plies of coniferous wood"
44181110,"Builders' joinery and carpentry of wood, including cellular wood panels, assembled flooring panels, shingles and shakes.","Windows, French-windows and their frames: Of tropical wood - Window frames"
44181190,"Builders' joinery and carpentry of wood, including cellular wood panels, assembled flooring panels, shingles and shakes.","Windows, French-windows and their frames: Of tropical wood - Other"
44181910,"Builders' joinery and carpentry of wood, including cellular wood panels, assembled flooring panels, shingles and shakes.","Windows, French-windows and their frames: Other - Window frames"
44181990,"Builders' joinery and carpentry of wood, including cellular wood panels, assembled flooring panels, shingles and shakes.","Windows, French-windows and their frames: Other - Other"
44182100,"Builders' joinery and carpentry of wood, including cellular wood panels, assembled flooring panels, shingles and shakes.",Doors and their frames and thresholds: Of tropical wood
44182900,"Builders' joinery and carpentry of wood, including cellular wood panels, assembled flooring panels, shingles and shakes.",Doors and their frames and thresholds: Other
44183000,"Builders' joinery and carpentry of wood, including cellular wood panels, assembled flooring panels, shingles and shakes.",Posts and beams other than products of subheadings 4418.81 to 4418.89
44184000,"Builders' joinery and carpentry of wood, including cellular wood panels, assembled flooring panels, shingles and shakes.",Shuttering for concrete constructional work
44185000,"Builders' joinery and carpentry of wood, including cellular wood panels, assembled flooring panels, shingles and shakes.",Shingles and shakes
44187300,"Builders' joinery and carpentry of wood, including cellular wood panels, assembled flooring panels, shingles and shakes.",Assembled flooring panels: Of bamboo or with at least the top layer (wear layer) of bamboo
44187400,"Builders' joinery and carpentry of wood, including cellular wood panels, assembled flooring panels, shingles and shakes.","Assembled flooring panels: Other, for mosaic floors"
44187500,"Builders' joinery and carpentry of wood, including cellular wood panels, assembled flooring panels, shingles and shakes.","Assembled flooring panels: Other, multilayer"
44187900,"Builders' joinery and carpentry of wood, including cellular wood panels, assembled flooring panels, shingles and shakes.",Assembled flooring panels: Other
44188100,"Builders' joinery and carpentry of wood, including cellular wood panels, assembled flooring panels, shingles and shakes.",Engineered structural timber products: Glue-laminated timber (glulam)
44188200,"Builders' joinery and carpentry of wood, including cellular wood panels, assembled flooring panels, shingles and shakes.",Engineered structural timber products: Cross-laminated timber (CLT or X-lam)
44188300,"Builders' joinery and carpentry of wood, including cellular wood panels, assembled flooring panels, shingles and shakes.",Engineered structural timber products: I beams
44188900,"Builders' joinery and carpentry of wood, including cellular wood panels, assembled flooring panels, shingles and shakes.",Engineered structural timber products: Other
44189100,"Builders' joinery and carpentry of wood, including cellular wood panels, assembled flooring panels, shingles and shakes.",Other: Of bamboo
44189200,"Builders' joinery and carpentry of wood, including cellular wood panels, assembled flooring panels, shingles and shakes.",Other: Cellular wood panels
44189900,"Builders' joinery and carpentry of wood, including cellular wood panels, assembled flooring panels, shingles and shakes.",Other: Other
47010000,Mechanical wood pulp.,
47020000,"Chemical wood pulp, dissolving grades.",
48171000,"Envelopes, letter cards, plain postcards and correspondence cards, of paper or paperboard; boxes, pouches, wallets and writing compendiums, of paper or paperboard, containing an assortment of paper stationery.",Envelopes
48181000,"Toilet paper and similar paper, cellulose wadding or webs of cellulose fibres, of a kind used for household or sanitary purposes, in rolls of a width not exceeding 36 cm, or cut to size or shape; handkerchiefs, cleansing tissues, towels, tablecloths, serviettes, bed sheets and similar household, sanitary or hospital articles, articles of apparel and clothing accessories, of paper pulp, paper, cellulose wadding or webs of cellulose fibres.",Toilet paper
48182000,"Toilet paper and similar paper, cellulose wadding or webs of cellulose fibres, of a kind used for household or sanitary purposes, in rolls of a width not exceeding 36 cm, or cut to size or shape; handkerchiefs, cleansing tissues, towels, tablecloths, serviettes, bed sheets and similar household, sanitary or hospital articles, articles of apparel and clothing accessories, of paper pulp, paper, cellulose wadding or webs of cellulose fibres.","Handkerchiefs, cleansing or facial tissues and towels"
48183000,"Toilet paper and similar paper, cellulose wadding or webs of cellulose fibres, of a kind used for household or sanitary purposes, in rolls of a width not exceeding 36 cm, or cut to size or shape; handkerchiefs, cleansing tissues, towels, tablecloths, serviettes, bed sheets and similar household, sanitary or hospital articles, articles of apparel and clothing accessories, of paper pulp, paper, cellulose wadding or webs of cellulose fibres.",Tablecloths and serviettes
48189000,"Toilet paper and similar paper, cellulose wadding or webs of cellulose fibres, of a kind used for household or sanitary purposes, in rolls of a width not exceeding 36 cm, or cut to size or shape; handkerchiefs, cleansing tissues, towels, tablecloths, serviettes, bed sheets and similar household, sanitary or hospital articles, articles of apparel and clothing accessories, of paper pulp, paper, cellulose wadding or webs of cellulose fibres.",Other
48191000,"Cartons, boxes, cases, bags and other packing containers, of paper, paperboard, cellulose wadding or webs of cellulose fibres; box files, letter trays, and similar articles, of paper or paperboard of a kind used in offices, shops or the like.","Cartons, boxes and cases, of corrugated paper or paperboard"
48192000,"Cartons, boxes, cases, bags and other packing containers, of paper, paperboard, cellulose wadding or webs of cellulose fibres; box files, letter trays, and similar articles, of paper or paperboard of a kind used in offices, shops or the like.","Folding cartons, boxes and cases, of non-corrugated paper or paperboard"
48193000,"Cartons, boxes, cases, bags and other packing containers, of paper, paperboard, cellulose wadding or webs of cellulose fibres; box files, letter trays, and similar articles, of paper or paperboard of a kind used in offices, shops or the like.","Sacks and bags, having a base of a width of 40 cm or more"
48194000,"Cartons, boxes, cases, bags and other packing containers, of paper, paperboard, cellulose wadding or webs of cellulose fibres; box files, letter trays, and similar articles, of paper or paperboard of a kind used in offices, shops or the like.","Other sacks and bags, including cones"
48201000,"Registers, account books, note books, order books, receipt books, letter pads, memorandum pads, diaries and similar articles, exercise books, blotting-pads, binders (loose-leaf or other), folders, file covers, manifold business forms, interleaved carbon sets and other articles of stationery, of paper or paperboard; albums for samples or for collections and book covers, of paper or paperboard.","Registers, account books, note books, order books, receipt books, letter pads, memorandum pads, diaries and similar articles"
48202000,"Registers, account books, note books, order books, receipt books, letter pads, memorandum pads, diaries and similar articles, exercise books, blotting-pads, binders (loose-leaf or other), folders, file covers, manifold business forms, interleaved carbon sets and other articles of stationery, of paper or paperboard; albums for samples or for collections and book covers, of paper or paperboard.",Exercise books
48203000,"Registers, account books, note books, order books, receipt books, letter pads, memorandum pads, diaries and similar articles, exercise books, blotting-pads, binders (loose-leaf or other), folders, file covers, manifold business forms, interleaved carbon sets and other articles of stationery, of paper or paperboard; albums for samples or for collections and book covers, of paper or paperboard.","Binders (other than book covers), folders and file covers"
48204000,"Registers, account books, note books, order books, receipt books, letter pads, memorandum pads, diaries and similar articles, exercise books, blotting-pads, binders (loose-leaf or other), folders, file covers, manifold business forms, interleaved carbon sets and other articles of stationery, of paper or paperboard; albums for samples or for collections and book covers, of paper or paperboard.",Manifold business forms and interleaved carbon sets
48205000,"Registers, account books, note books, order books, receipt books, letter pads, memorandum pads, diaries and similar articles, exercise books, blotting-pads, binders (loose-leaf or other), folders, file covers, manifold business forms, interleaved carbon sets and other articles of stationery, of paper or paperboard; albums for samples or for collections and book covers, of paper or paperboard.",Albums for samples or for collections
48209000,"Registers, account books, note books, order books, receipt books, letter pads, memorandum pads, diaries and similar articles, exercise books, blotting-pads, binders (loose-leaf or other), folders, file covers, manifold business forms, interleaved carbon sets and other articles of stationery, of paper or paperboard; albums for samples or for collections and book covers, of paper or paperboard.",Other
48236900,"Other paper, paperboard, cellulose wadding and webs of cellulose fibres, cut to size or shape; other articles of paper pulp, paper, paperboard, cellulose wadding or webs of cellulose fibres.","Trays, dishes, plates, cups and the like, of paper or paperboard: Other"
49111000,"Other printed matter, including printed pictures and photographs.","Trade advertising material, commercial catalogues and the like"
49119100,"Other printed matter, including printed pictures and photographs.","Other: Pictures, designs and photographs"
49119900,"Other printed matter, including printed pictures and photographs.",Other: Other
57011010,"Carpets and other textile floor coverings, knotted, whether or not made up.",Of wool or fine animal hair - Machine knotted
57011090,"Carpets and other textile floor coverings, knotted, whether or not made up.",Of wool or fine animal hair - Other
57019010,"Carpets and other textile floor coverings, knotted, whether or not made up.",Of other textile materials - Machine knotted
57019090,"Carpets and other textile floor coverings, knotted, whether or not made up.",Of other textile materials - Other
57021000,"Carpets and other textile floor coverings, woven, not tufted or flocked, whether or not made up, including ""Kelem"", ""Schumacks"", ""Karamanie"" and similar hand-woven rugs.","""Kelem"", ""Schumacks"", ""Karamanie"" and similar hand-woven rugs"
57022000,"Carpets and other textile floor coverings, woven, not tufted or flocked, whether or not made up, including ""Kelem"", ""Schumacks"", ""Karamanie"" and similar hand-woven rugs.",Floor coverings of coconut fibres (coir)
57023100,"Carpets and other textile floor coverings, woven, not tufted or flocked, whether or not made up, including ""Kelem"", ""Schumacks"", ""Karamanie"" and similar hand-woven rugs.","Other, of pile construction, not made up: Of wool or fine animal hair"
57023200,"Carpets and other textile floor coverings, woven, not tufted or flocked, whether or not made up, including ""Kelem"", ""Schumacks"", ""Karamanie"" and similar hand-woven rugs.","Other, of pile construction, not made up: Of man-made textile materials"
57023900,"Carpets and other textile floor coverings, woven, not tufted or flocked, whether or not made up, including ""Kelem"", ""Schumacks"", ""Karamanie"" and similar hand-woven rugs.","Other, of pile construction, not made up: Of other textile materials"
57024100,"Carpets and other textile floor coverings, woven, not tufted or flocked, whether or not made up, including ""Kelem"", ""Schumacks"", ""Karamanie"" and similar hand-woven rugs.","Other, of pile construction, made up: Of wool or fine animal hair"
57024200,"Carpets and other textile floor coverings, woven, not tufted or flocked, whether or not made up, including ""Kelem"", ""Schumacks"", ""Karamanie"" and similar hand-woven rugs.","Other, of pile construction, made up: Of man-made textile materials"
57024900,"Carpets and other textile floor coverings, woven, not tufted or flocked, whether or not made up, including ""Kelem"", ""Schumacks"", ""Karamanie"" and similar hand-woven rugs.","Other, of pile construction, made up: Of other textile materials"
57025010,"Carpets and other textile floor coverings, woven, not tufted or flocked, whether or not made up, including ""Kelem"", ""Schumacks"", ""Karamanie"" and similar hand-woven rugs.","Other, not of pile construction, not made up - Of straw, hemp, flax tow or jute"
57025090,"Carpets and other textile floor coverings, woven, not tufted or flocked, whether or not made up, including ""Kelem"", ""Schumacks"", ""Karamanie"" and similar hand-woven rugs.","Other, not of pile construction, not made up - Other"
57029100,"Carpets and other textile floor coverings, woven, not tufted or flocked, whether or not made up, including ""Kelem"", ""Schumacks"", ""Karamanie"" and similar hand-woven rugs.","Other, not of pile construction, made up: Of wool or fine animal hair"
57029200,"Carpets and other textile floor coverings, woven, not tufted or flocked, whether or not made up, including ""Kelem"", ""Schumacks"", ""Karamanie"" and similar hand-woven rugs.","Other, not of pile construction, made up: Of man-made textile materials"
57029910,"Carpets and other textile floor coverings, woven, not tufted or flocked, whether or not made up, including ""Kelem"", ""Schumacks"", ""Karamanie"" and similar hand-woven rugs.","Other, not of pile construction, made up: Of other textile materials - Of straw, hemp, flax tow or jute"
57029990,"Carpets and other textile floor coverings, woven, not tufted or flocked, whether or not made up, including ""Kelem"", ""Schumacks"", ""Karamanie"" and similar hand-woven rugs.","Other, not of pile construction, made up: Of other textile materials - Other"
57031010,"Carpets and other textile floor coverings (including turf), tufted, whether or not made up.",Of wool or fine animal hair - Machine tufted
57031090,"Carpets and other textile floor coverings (including turf), tufted, whether or not made up.",Of wool or fine animal hair - Other
57032100,"Carpets and other textile floor coverings (including turf), tufted, whether or not made up.",Of nylon or other polyamides: Turf
57032990,"Carpets and other textile floor coverings (including turf), tufted, whether or not made up.",Of nylon or other polyamides: Other - Other
57033100,"Carpets and other textile floor coverings (including turf), tufted, whether or not made up.",Of other man-made textile materials: Turf
57033910,"Carpets and other textile floor coverings (including turf), tufted, whether or not made up.",Of other man-made textile materials: Other - Machine tufted
57033990,"Carpets and other textile floor coverings (including turf), tufted, whether or not made up.",Of other man-made textile materials: Other - Other
57039010,"Carpets and other textile floor coverings (including turf), tufted, whether or not made up.",Of other textile materials - Machine tufted
57039090,"Carpets and other textile floor coverings (including turf), tufted, whether or not made up.",Of other textile materials - Other
57041000,"Carpets and other textile floor coverings, of felt, not tufted or flocked, whether or not made up.","Tiles, having a maximum surface area of 0.3 m2"
57042000,"Carpets and other textile floor coverings, of felt, not tufted or flocked, whether or not made up.","Tiles, having a maximum surface area exceeding 0.3 m2 but not exceeding 1 m2"
57050000,"Other carpets and other textile floor coverings, whether or not made up.",
61012000,"Men's or boys' overcoats, car-coats, capes, cloaks, anoraks (including ski-jackets), wind-cheaters, wind-jackets and similar articles, knitted or crocheted, other than those of heading 61.03.",Of cotton
61013000,"Men's or boys' overcoats, car-coats, capes, cloaks, anoraks (including ski-jackets), wind-cheaters, wind-jackets and similar articles, knitted or crocheted, other than those of heading 61.03.",Of man-made fibres
61019000,"Men's or boys' overcoats, car-coats, capes, cloaks, anoraks (including ski-jackets), wind-cheaters, wind-jackets and similar articles, knitted or crocheted, other than those of heading 61.03.",Of other textile materials
61021000,"Women's or girls' overcoats, car-coats, capes, cloaks, anoraks (including ski-jackets), wind-cheaters, wind-jackets and similar articles, knitted or crocheted, other than those of heading 61.04.",Of wool or fine animal hair
61022000,"Women's or girls' overcoats, car-coats, capes, cloaks, anoraks (including ski-jackets), wind-cheaters, wind-jackets and similar articles, knitted or crocheted, other than those of heading 61.04.",Of cotton
61023000,"Women's or girls' overcoats, car-coats, capes, cloaks, anoraks (including ski-jackets), wind-cheaters, wind-jackets and similar articles, knitted or crocheted, other than those of heading 61.04.",Of man-made fibres
61029000,"Women's or girls' overcoats, car-coats, capes, cloaks, anoraks (including ski-jackets), wind-cheaters, wind-jackets and similar articles, knitted or crocheted, other than those of heading 61.04.",Of other textile materials
61031010,"Men's or boys' suits, ensembles, jackets, blazers, trousers, bib and brace overalls, breeches and shorts (other than swimwear), knitted or crocheted.",Suits - Of wool or fine animal hair
61031090,"Men's or boys' suits, ensembles, jackets, blazers, trousers, bib and brace overalls, breeches and shorts (other than swimwear), knitted or crocheted.",Suits - Other
61032200,"Men's or boys' suits, ensembles, jackets, blazers, trousers, bib and brace overalls, breeches and shorts (other than swimwear), knitted or crocheted.",Ensembles: Of cotton
61032300,"Men's or boys' suits, ensembles, jackets, blazers, trousers, bib and brace overalls, breeches and shorts (other than swimwear), knitted or crocheted.",Ensembles: Of synthetic fibres
61032900,"Men's or boys' suits, ensembles, jackets, blazers, trousers, bib and brace overalls, breeches and shorts (other than swimwear), knitted or crocheted.",Ensembles: Of other textile materials
61033100,"Men's or boys' suits, ensembles, jackets, blazers, trousers, bib and brace overalls, breeches and shorts (other than swimwear), knitted or crocheted.",Jackets and blazers: Of wool or fine animal hair
61033200,"Men's or boys' suits, ensembles, jackets, blazers, trousers, bib and brace overalls, breeches and shorts (other than swimwear), knitted or crocheted.",Jackets and blazers: Of cotton
61033300,"Men's or boys' suits, ensembles, jackets, blazers, trousers, bib and brace overalls, breeches and shorts (other than swimwear), knitted or crocheted.",Jackets and blazers: Of synthetic fibres
61033910,"Men's or boys' suits, ensembles, jackets, blazers, trousers, bib and brace overalls, breeches and shorts (other than swimwear), knitted or crocheted.",Jackets and blazers: Of other textile materials - Of artificial fibres
61033990,"Men's or boys' suits, ensembles, jackets, blazers, trousers, bib and brace overalls, breeches and shorts (other than swimwear), knitted or crocheted.",Jackets and blazers: Of other textile materials - Other
61034100,"Men's or boys' suits, ensembles, jackets, blazers, trousers, bib and brace overalls, breeches and shorts (other than swimwear), knitted or crocheted.","Trousers, bib and brace overalls, breeches and shorts: Of wool or fine animal hair"
61034200,"Men's or boys' suits, ensembles, jackets, blazers, trousers, bib and brace overalls, breeches and shorts (other than swimwear), knitted or crocheted.","Trousers, bib and brace overalls, breeches and shorts: Of cotton"
61034300,"Men's or boys' suits, ensembles, jackets, blazers, trousers, bib and brace overalls, breeches and shorts (other than swimwear), knitted or crocheted.","Trousers, bib and brace overalls, breeches and shorts: Of synthetic fibres"
61034900,"Men's or boys' suits, ensembles, jackets, blazers, trousers, bib and brace overalls, breeches and shorts (other than swimwear), knitted or crocheted.","Trousers, bib and brace overalls, breeches and shorts: Of other textile materials"
61041300,"Women's or girls' suits, ensembles, jackets and blazers, dresses, skirts, divided skirts, trousers, bib and brace overalls, breeches and shorts (other than swimwear), knitted or crocheted.",Suits: Of synthetic fibres
61041900,"Women's or girls' suits, ensembles, jackets and blazers, dresses, skirts, divided skirts, trousers, bib and brace overalls, breeches and shorts (other than swimwear), knitted or crocheted.",Suits: Of other textile materials
61042200,"Women's or girls' suits, ensembles, jackets and blazers, dresses, skirts, divided skirts, trousers, bib and brace overalls, breeches and shorts (other than swimwear), knitted or crocheted.",Ensembles: Of cotton
61042300,"Women's or girls' suits, ensembles, jackets and blazers, dresses, skirts, divided skirts, trousers, bib and brace overalls, breeches and shorts (other than swimwear), knitted or crocheted.",Ensembles: Of synthetic fibres
61042900,"Women's or girls' suits, ensembles, jackets and blazers, dresses, skirts, divided skirts, trousers, bib and brace overalls, breeches and shorts (other than swimwear), knitted or crocheted.",Ensembles: Of other textile materials
61043100,"Women's or girls' suits, ensembles, jackets and blazers, dresses, skirts, divided skirts, trousers, bib and brace overalls, breeches and shorts (other than swimwear), knitted or crocheted.",Jackets and blazers: Of wool or fine animal hair
61043200,"Women's or girls' suits, ensembles, jackets and blazers, dresses, skirts, divided skirts, trousers, bib and brace overalls, breeches and shorts (other than swimwear), knitted or crocheted.",Jackets and blazers: Of cotton
61043300,"Women's or girls' suits, ensembles, jackets and blazers, dresses, skirts, divided skirts, trousers, bib and brace overalls, breeches and shorts (other than swimwear), knitted or crocheted.",Jackets and blazers: Of synthetic fibres
61043910,"Women's or girls' suits, ensembles, jackets and blazers, dresses, skirts, divided skirts, trousers, bib and brace overalls, breeches and shorts (other than swimwear), knitted or crocheted.",Jackets and blazers: Of other textile materials - Of artificial fibres
61043990,"Women's or girls' suits, ensembles, jackets and blazers, dresses, skirts, divided skirts, trousers, bib and brace overalls, breeches and shorts (other than swimwear), knitted or crocheted.",Jackets and blazers: Of other textile materials - Other
61044100,"Women's or girls' suits, ensembles, jackets and blazers, dresses, skirts, divided skirts, trousers, bib and brace overalls, breeches and shorts (other than swimwear), knitted or crocheted.",Dresses: Of wool or fine animal hair
61044200,"Women's or girls' suits, ensembles, jackets and blazers, dresses, skirts, divided skirts, trousers, bib and brace overalls, breeches and shorts (other than swimwear), knitted or crocheted.",Dresses: Of cotton
61044300,"Women's or girls' suits, ensembles, jackets and blazers, dresses, skirts, divided skirts, trousers, bib and brace overalls, breeches and shorts (other than swimwear), knitted or crocheted.",Dresses: Of synthetic fibres
61044400,"Women's or girls' suits, ensembles, jackets and blazers, dresses, skirts, divided skirts, trousers, bib and brace overalls, breeches and shorts (other than swimwear), knitted or crocheted.",Dresses: Of artificial fibres
61044900,"Women's or girls' suits, ensembles, jackets and blazers, dresses, skirts, divided skirts, trousers, bib and brace overalls, breeches and shorts (other than swimwear), knitted or crocheted.",Dresses: Of other textile materials
61045100,"Women's or girls' suits, ensembles, jackets and blazers, dresses, skirts, divided skirts, trousers, bib and brace overalls, breeches and shorts (other than swimwear), knitted or crocheted.",Skirts and divided skirts: Of wool or fine animal hair
61045200,"Women's or girls' suits, ensembles, jackets and blazers, dresses, skirts, divided skirts, trousers, bib and brace overalls, breeches and shorts (other than swimwear), knitted or crocheted.",Skirts and divided skirts: Of cotton
61045300,"Women's or girls' suits, ensembles, jackets and blazers, dresses, skirts, divided skirts, trousers, bib and brace overalls, breeches and shorts (other than swimwear), knitted or crocheted.",Skirts and divided skirts: Of synthetic fibres
61045910,"Women's or girls' suits, ensembles, jackets and blazers, dresses, skirts, divided skirts, trousers, bib and brace overalls, breeches and shorts (other than swimwear), knitted or crocheted.",Skirts and divided skirts: Of other textile materials - Of artificial fibres
61045990,"Women's or girls' suits, ensembles, jackets and blazers, dresses, skirts, divided skirts, trousers, bib and brace overalls, breeches and shorts (other than swimwear), knitted or crocheted.",Skirts and divided skirts: Of other textile materials - Other
61046100,"Women's or girls' suits, ensembles, jackets and blazers, dresses, skirts, divided skirts, trousers, bib and brace overalls, breeches and shorts (other than swimwear), knitted or crocheted.","Trousers, bib and brace overalls, breeches and shorts: Of wool or fine animal hair"
61046200,"Women's or girls' suits, ensembles, jackets and blazers, dresses, skirts, divided skirts, trousers, bib and brace overalls, breeches and shorts (other than swimwear), knitted or crocheted.","Trousers, bib and brace overalls, breeches and shorts: Of cotton"
61046300,"Women's or girls' suits, ensembles, jackets and blazers, dresses, skirts, divided skirts, trousers, bib and brace overalls, breeches and shorts (other than swimwear), knitted or crocheted.","Trousers, bib and brace overalls, breeches and shorts: Of synthetic fibres"
61046900,"Women's or girls' suits, ensembles, jackets and blazers, dresses, skirts, divided skirts, trousers, bib and brace overalls, breeches and shorts (other than swimwear), knitted or crocheted.","Trousers, bib and brace overalls, breeches and shorts: Of other textile materials"
61051000,"Men's or boys' shirts, knitted or crocheted.",Of cotton
61052000,"Men's or boys' shirts, knitted or crocheted.",Of man-made fibres
61059000,"Men's or boys' shirts, knitted or crocheted.",Of other textile materials
61061000,"Women's or girls' blouses, shirts and shirt-blouses, knitted or crocheted.",Of cotton
61062000,"Women's or girls' blouses, shirts and shirt-blouses, knitted or crocheted.",Of man-made fibres
61069000,"Women's or girls' blouses, shirts and shirt-blouses, knitted or crocheted.",Of other textile materials
61071100,"Men's or boys' underpants, briefs, nightshirts, pyjamas, bathrobes, dressing gowns and similar articles, knitted or crocheted.",Underpants and briefs: Of cotton
61071200,"Men's or boys' underpants, briefs, nightshirts, pyjamas, bathrobes, dressing gowns and similar articles, knitted or crocheted.",Underpants and briefs: Of man-made fibres
61071900,"Men's or boys' underpants, briefs, nightshirts, pyjamas, bathrobes, dressing gowns and similar articles, knitted or crocheted.",Underpants and briefs: Of other textile materials
61072100,"Men's or boys' underpants, briefs, nightshirts, pyjamas, bathrobes, dressing gowns and similar articles, knitted or crocheted.",Nightshirts and pyjamas: Of cotton
61072200,"Men's or boys' underpants, briefs, nightshirts, pyjamas, bathrobes, dressing gowns and similar articles, knitted or crocheted.",Nightshirts and pyjamas: Of man-made fibres
61072900,"Men's or boys' underpants, briefs, nightshirts, pyjamas, bathrobes, dressing gowns and similar articles, knitted or crocheted.",Nightshirts and pyjamas: Of other textile materials
61079100,"Men's or boys' underpants, briefs, nightshirts, pyjamas, bathrobes, dressing gowns and similar articles, knitted or crocheted.",Other: Of cotton
61079900,"Men's or boys' underpants, briefs, nightshirts, pyjamas, bathrobes, dressing gowns and similar articles, knitted or crocheted.",Other: Of other textile materials
61081100,"Women's or girls' slips, petticoats, briefs, panties, nightdresses, pyjamas, négligés, bathrobes, dressing gowns and similar articles, knitted or crocheted.",Slips and petticoats: Of man-made fibres
61081900,"Women's or girls' slips, petticoats, briefs, panties, nightdresses, pyjamas, négligés, bathrobes, dressing gowns and similar articles, knitted or crocheted.",Slips and petticoats: Of other textile materials
61082100,"Women's or girls' slips, petticoats, briefs, panties, nightdresses, pyjamas, négligés, bathrobes, dressing gowns and similar articles, knitted or crocheted.",Briefs and panties: Of cotton
61082200,"Women's or girls' slips, petticoats, briefs, panties, nightdresses, pyjamas, négligés, bathrobes, dressing gowns and similar articles, knitted or crocheted.",Briefs and panties: Of man-made fibres
61082900,"Women's or girls' slips, petticoats, briefs, panties, nightdresses, pyjamas, négligés, bathrobes, dressing gowns and similar articles, knitted or crocheted.",Briefs and panties: Of other textile materials
61083100,"Women's or girls' slips, petticoats, briefs, panties, nightdresses, pyjamas, négligés, bathrobes, dressing gowns and similar articles, knitted or crocheted.",Nightdresses and pyjamas: Of cotton
61083200,"Women's or girls' slips, petticoats, briefs, panties, nightdresses, pyjamas, négligés, bathrobes, dressing gowns and similar articles, knitted or crocheted.",Nightdresses and pyjamas: Of man-made fibres
61083900,"Women's or girls' slips, petticoats, briefs, panties, nightdresses, pyjamas, négligés, bathrobes, dressing gowns and similar articles, knitted or crocheted.",Nightdresses and pyjamas: Of other textile materials
61089100,"Women's or girls' slips, petticoats, briefs, panties, nightdresses, pyjamas, négligés, bathrobes, dressing gowns and similar articles, knitted or crocheted.",Other: Of cotton
61089200,"Women's or girls' slips, petticoats, briefs, panties, nightdresses, pyjamas, négligés, bathrobes, dressing gowns and similar articles, knitted or crocheted.",Other: Of man-made fibres
61089900,"Women's or girls' slips, petticoats, briefs, panties, nightdresses, pyjamas, négligés, bathrobes, dressing gowns and similar articles, knitted or crocheted.",Other: Of other textile materials
61091000,"T-shirts, singlets and other vests, knitted or crocheted.",Of cotton
61099000,"T-shirts, singlets and other vests, knitted or crocheted.",Of other textile materials
61101110,"Jerseys, pullovers, cardigans, waistcoats and similar articles, knitted or crocheted.","Of wool or fine animal hair: Of wool - Women's or girls', valued at not less than $20/kg"
61101190,"Jerseys, pullovers, cardigans, waistcoats and similar articles, knitted or crocheted.",Of wool or fine animal hair: Of wool - Other
61101210,"Jerseys, pullovers, cardigans, waistcoats and similar articles, knitted or crocheted.","Of wool or fine animal hair: Of Kashmir (cashmere) goats - Women's or girls', valued at not less than $20/kg"
61101290,"Jerseys, pullovers, cardigans, waistcoats and similar articles, knitted or crocheted.",Of wool or fine animal hair: Of Kashmir (cashmere) goats - Other
61101910,"Jerseys, pullovers, cardigans, waistcoats and similar articles, knitted or crocheted.","Of wool or fine animal hair: Other - Women's or girls', valued at not less than $20/kg"
61101990,"Jerseys, pullovers, cardigans, waistcoats and similar articles, knitted or crocheted.",Of wool or fine animal hair: Other - Other
61102000,"Jerseys, pullovers, cardigans, waistcoats and similar articles, knitted or crocheted.",Of cotton
61103000,"Jerseys, pullovers, cardigans, waistcoats and similar articles, knitted or crocheted.",Of man-made fibres
61109000,"Jerseys, pullovers, cardigans, waistcoats and similar articles, knitted or crocheted.",Of other textile materials
61112000,"Babies' garments and clothing accessories, knitted or crocheted.",Of cotton
61113000,"Babies' garments and clothing accessories, knitted or crocheted.",Of synthetic fibres
61119000,"Babies' garments and clothing accessories, knitted or crocheted.",Of other textile materials
61121100,"Track suits, ski suits and swimwear, knitted or crocheted.",Track suits: Of cotton
61121200,"Track suits, ski suits and swimwear, knitted or crocheted.",Track suits: Of synthetic fibres
61121900,"Track suits, ski suits and swimwear, knitted or crocheted.",Track suits: Of other textile materials
61122000,"Track suits, ski suits and swimwear, knitted or crocheted.",Ski suits
61123100,"Track suits, ski suits and swimwear, knitted or crocheted.",Men's or boys' swimwear: Of synthetic fibres
61123900,"Track suits, ski suits and swimwear, knitted or crocheted.",Men's or boys' swimwear: Of other textile materials
61124100,"Track suits, ski suits and swimwear, knitted or crocheted.",Women's or girls' swimwear: Of synthetic fibres
61124900,"Track suits, ski suits and swimwear, knitted or crocheted.",Women's or girls' swimwear: Of other textile materials
61130010,"Garments, made up of knitted or crocheted fabrics of heading 59.03, 59.06 or 59.07.","Protective suits, to be employed in a noxious atmosphere"
61130020,"Garments, made up of knitted or crocheted fabrics of heading 59.03, 59.06 or 59.07.",Diving suits
61130090,"Garments, made up of knitted or crocheted fabrics of heading 59.03, 59.06 or 59.07.",Other
61142000,"Other garments, knitted or crocheted.",Of cotton
61143000,"Other garments, knitted or crocheted.",Of man-made fibres
61149000,"Other garments, knitted or crocheted.",Of other textile materials
61151010,"Panty hose, tights, stockings, socks and other hosiery, including graduated compression hosiery (for example, stockings for varicose veins) and footwear without applied soles, knitted or crocheted.","Graduated compression hosiery (for example, stockings for varicose veins) - Panty hose and tights"
61151091,"Panty hose, tights, stockings, socks and other hosiery, including graduated compression hosiery (for example, stockings for varicose veins) and footwear without applied soles, knitted or crocheted.","Graduated compression hosiery (for example, stockings for varicose veins) - Other: Of wool or fine animal hair"
61151099,"Panty hose, tights, stockings, socks and other hosiery, including graduated compression hosiery (for example, stockings for varicose veins) and footwear without applied soles, knitted or crocheted.","Graduated compression hosiery (for example, stockings for varicose veins) - Other: Other"
61152100,"Panty hose, tights, stockings, socks and other hosiery, including graduated compression hosiery (for example, stockings for varicose veins) and footwear without applied soles, knitted or crocheted.","Other panty hose and tights: Of synthetic fibres, measuring per single yarn less than 67 decitex"
61152200,"Panty hose, tights, stockings, socks and other hosiery, including graduated compression hosiery (for example, stockings for varicose veins) and footwear without applied soles, knitted or crocheted.","Other panty hose and tights: Of synthetic fibres, measuring per single yarn 67 decitex or more"
61152900,"Panty hose, tights, stockings, socks and other hosiery, including graduated compression hosiery (for example, stockings for varicose veins) and footwear without applied soles, knitted or crocheted.",Other panty hose and tights: Of other textile materials
61153000,"Panty hose, tights, stockings, socks and other hosiery, including graduated compression hosiery (for example, stockings for varicose veins) and footwear without applied soles, knitted or crocheted.","Other women's full-length or knee-length hosiery, measuring per single yarn less than 67 decitex"
61159400,"Panty hose, tights, stockings, socks and other hosiery, including graduated compression hosiery (for example, stockings for varicose veins) and footwear without applied soles, knitted or crocheted.",Other: Of wool or fine animal hair
61159500,"Panty hose, tights, stockings, socks and other hosiery, including graduated compression hosiery (for example, stockings for varicose veins) and footwear without applied soles, knitted or crocheted.",Other: Of cotton
61159600,"Panty hose, tights, stockings, socks and other hosiery, including graduated compression hosiery (for example, stockings for varicose veins) and footwear without applied soles, knitted or crocheted.",Other: Of synthetic fibres
61159900,"Panty hose, tights, stockings, socks and other hosiery, including graduated compression hosiery (for example, stockings for varicose veins) and footwear without applied soles, knitted or crocheted.",Other: Of other textile materials
61161000,"Gloves, mittens and mitts, knitted or crocheted.","Impregnated, coated, covered or laminated with plastics or rubber"
61169100,"Gloves, mittens and mitts, knitted or crocheted.",Other: Of wool or fine animal hair
61169200,"Gloves, mittens and mitts, knitted or crocheted.",Other: Of cotton
61169300,"Gloves, mittens and mitts, knitted or crocheted.",Other: Of synthetic fibres
61169900,"Gloves, mittens and mitts, knitted or crocheted.",Other: Of other textile materials
61171010,"Other made up clothing accessories, knitted or crocheted; knitted or crocheted parts of garments or of clothing accessories.","Shawls, scarves, mufflers, mantillas, veils and the like - Prayer shawls"
61171090,"Other made up clothing accessories, knitted or crocheted; knitted or crocheted parts of garments or of clothing accessories.","Shawls, scarves, mufflers, mantillas, veils and the like - Other"
61178010,"Other made up clothing accessories, knitted or crocheted; knitted or crocheted parts of garments or of clothing accessories.",Other accessories - Badges and the like; Belts
61178090,"Other made up clothing accessories, knitted or crocheted; knitted or crocheted parts of garments or of clothing accessories.",Other accessories - Other
61179010,"Other made up clothing accessories, knitted or crocheted; knitted or crocheted parts of garments or of clothing accessories.","Parts - Inserts for use in the manufacture of cycling shorts; Of protective suits, to be employed in a noxious atmosphere; Of prayer shawls; Sleeve cuffs and collars, solely of fabric of tariff item No. 6006.23.90, for use in the manufacture of golf jerseys"
61179020,"Other made up clothing accessories, knitted or crocheted; knitted or crocheted parts of garments or of clothing accessories.",Parts - Of diving suits
61179090,"Other made up clothing accessories, knitted or crocheted; knitted or crocheted parts of garments or of clothing accessories.",Parts - Other
62012000,"Men's or boys' overcoats, car-coats, capes, cloaks, anoraks (including ski-jackets), wind-cheaters, wind-jackets and similar articles, other than those of heading 62.03.",Of wool or fine animal hair
62013010,"Men's or boys' overcoats, car-coats, capes, cloaks, anoraks (including ski-jackets), wind-cheaters, wind-jackets and similar articles, other than those of heading 62.03.","Of cotton - Men's ski-jackets, solely of cotton"
62013090,"Men's or boys' overcoats, car-coats, capes, cloaks, anoraks (including ski-jackets), wind-cheaters, wind-jackets and similar articles, other than those of heading 62.03.",Of cotton - Other
62014010,"Men's or boys' overcoats, car-coats, capes, cloaks, anoraks (including ski-jackets), wind-cheaters, wind-jackets and similar articles, other than those of heading 62.03.","Of man-made fibres - Overcoats, raincoats, car-coats, capes, cloaks and similar articles"
62014090,"Men's or boys' overcoats, car-coats, capes, cloaks, anoraks (including ski-jackets), wind-cheaters, wind-jackets and similar articles, other than those of heading 62.03.",Of man-made fibres - Other
62019000,"Men's or boys' overcoats, car-coats, capes, cloaks, anoraks (including ski-jackets), wind-cheaters, wind-jackets and similar articles, other than those of heading 62.03.",Of other textile materials
62022000,"Women's or girls' overcoats, car-coats, capes, cloaks, anoraks (including ski-jackets), wind-cheaters, wind-jackets and similar articles, other than those of heading 62.04.",Of wool or fine animal hair
62023000,"Women's or girls' overcoats, car-coats, capes, cloaks, anoraks (including ski-jackets), wind-cheaters, wind-jackets and similar articles, other than those of heading 62.04.",Of cotton
62024000,"Women's or girls' overcoats, car-coats, capes, cloaks, anoraks (including ski-jackets), wind-cheaters, wind-jackets and similar articles, other than those of heading 62.04.",Of man-made fibres
62029010,"Women's or girls' overcoats, car-coats, capes, cloaks, anoraks (including ski-jackets), wind-cheaters, wind-jackets and similar articles, other than those of heading 62.04.","Of other textile materials - Overcoats, raincoats, car-coats, capes, cloaks and similar articles"
62029090,"Women's or girls' overcoats, car-coats, capes, cloaks, anoraks (including ski-jackets), wind-cheaters, wind-jackets and similar articles, other than those of heading 62.04.",Of other textile materials - Other
62031100,"Men's or boys' suits, ensembles, jackets, blazers, trousers, bib and brace overalls, breeches and shorts (other than swimwear).",Suits: Of wool or fine animal hair
62031200,"Men's or boys' suits, ensembles, jackets, blazers, trousers, bib and brace overalls, breeches and shorts (other than swimwear).",Suits: Of synthetic fibres
62031910,"Men's or boys' suits, ensembles, jackets, blazers, trousers, bib and brace overalls, breeches and shorts (other than swimwear).",Suits: Of other textile materials - Of cotton or of artificial fibres
62031990,"Men's or boys' suits, ensembles, jackets, blazers, trousers, bib and brace overalls, breeches and shorts (other than swimwear).",Suits: Of other textile materials - Other
62032200,"Men's or boys' suits, ensembles, jackets, blazers, trousers, bib and brace overalls, breeches and shorts (other than swimwear).",Ensembles: Of cotton
62032300,"Men's or boys' suits, ensembles, jackets, blazers, trousers, bib and brace overalls, breeches and shorts (other than swimwear).",Ensembles: Of synthetic fibres
62032910,"Men's or boys' suits, ensembles, jackets, blazers, trousers, bib and brace overalls, breeches and shorts (other than swimwear).",Ensembles: Of other textile materials - Of wool or fine animal hair
62032990,"Men's or boys' suits, ensembles, jackets, blazers, trousers, bib and brace overalls, breeches and shorts (other than swimwear).",Ensembles: Of other textile materials - Other
62033100,"Men's or boys' suits, ensembles, jackets, blazers, trousers, bib and brace overalls, breeches and shorts (other than swimwear).",Jackets and blazers: Of wool or fine animal hair
62033200,"Men's or boys' suits, ensembles, jackets, blazers, trousers, bib and brace overalls, breeches and shorts (other than swimwear).",Jackets and blazers: Of cotton
62033300,"Men's or boys' suits, ensembles, jackets, blazers, trousers, bib and brace overalls, breeches and shorts (other than swimwear).",Jackets and blazers: Of synthetic fibres
62033910,"Men's or boys' suits, ensembles, jackets, blazers, trousers, bib and brace overalls, breeches and shorts (other than swimwear).",Jackets and blazers: Of other textile materials - Of artificial fibres
62033990,"Men's or boys' suits, ensembles, jackets, blazers, trousers, bib and brace overalls, breeches and shorts (other than swimwear).",Jackets and blazers: Of other textile materials - Other
62034100,"Men's or boys' suits, ensembles, jackets, blazers, trousers, bib and brace overalls, breeches and shorts (other than swimwear).","Trousers, bib and brace overalls, breeches and shorts: Of wool or fine animal hair"
62034200,"Men's or boys' suits, ensembles, jackets, blazers, trousers, bib and brace overalls, breeches and shorts (other than swimwear).","Trousers, bib and brace overalls, breeches and shorts: Of cotton"
62034300,"Men's or boys' suits, ensembles, jackets, blazers, trousers, bib and brace overalls, breeches and shorts (other than swimwear).","Trousers, bib and brace overalls, breeches and shorts: Of synthetic fibres"
62034900,"Men's or boys' suits, ensembles, jackets, blazers, trousers, bib and brace overalls, breeches and shorts (other than swimwear).","Trousers, bib and brace overalls, breeches and shorts: Of other textile materials"
62041100,"Women's or girls' suits, ensembles, jackets, blazers, dresses, skirts, divided skirts, trousers, bib and brace overalls, breeches and shorts (other than swimwear).",Suits: Of wool or fine animal hair
62041200,"Women's or girls' suits, ensembles, jackets, blazers, dresses, skirts, divided skirts, trousers, bib and brace overalls, breeches and shorts (other than swimwear).",Suits: Of cotton
62041300,"Women's or girls' suits, ensembles, jackets, blazers, dresses, skirts, divided skirts, trousers, bib and brace overalls, breeches and shorts (other than swimwear).",Suits: Of synthetic fibres
62041910,"Women's or girls' suits, ensembles, jackets, blazers, dresses, skirts, divided skirts, trousers, bib and brace overalls, breeches and shorts (other than swimwear).",Suits: Of other textile materials - Of artificial fibres
62041990,"Women's or girls' suits, ensembles, jackets, blazers, dresses, skirts, divided skirts, trousers, bib and brace overalls, breeches and shorts (other than swimwear).",Suits: Of other textile materials - Other
62042100,"Women's or girls' suits, ensembles, jackets, blazers, dresses, skirts, divided skirts, trousers, bib and brace overalls, breeches and shorts (other than swimwear).",Ensembles: Of wool or fine animal hair
62042200,"Women's or girls' suits, ensembles, jackets, blazers, dresses, skirts, divided skirts, trousers, bib and brace overalls, breeches and shorts (other than swimwear).",Ensembles: Of cotton
62042300,"Women's or girls' suits, ensembles, jackets, blazers, dresses, skirts, divided skirts, trousers, bib and brace overalls, breeches and shorts (other than swimwear).",Ensembles: Of synthetic fibres
62042900,"Women's or girls' suits, ensembles, jackets, blazers, dresses, skirts, divided skirts, trousers, bib and brace overalls, breeches and shorts (other than swimwear).",Ensembles: Of other textile materials
62043100,"Women's or girls' suits, ensembles, jackets, blazers, dresses, skirts, divided skirts, trousers, bib and brace overalls, breeches and shorts (other than swimwear).",Jackets and blazers: Of wool or fine animal hair
62043200,"Women's or girls' suits, ensembles, jackets, blazers, dresses, skirts, divided skirts, trousers, bib and brace overalls, breeches and shorts (other than swimwear).",Jackets and blazers: Of cotton
62043300,"Women's or girls' suits, ensembles, jackets, blazers, dresses, skirts, divided skirts, trousers, bib and brace overalls, breeches and shorts (other than swimwear).",Jackets and blazers: Of synthetic fibres
62043910,"Women's or girls' suits, ensembles, jackets, blazers, dresses, skirts, divided skirts, trousers, bib and brace overalls, breeches and shorts (other than swimwear).",Jackets and blazers: Of other textile materials - Of artificial fibres
62043990,"Women's or girls' suits, ensembles, jackets, blazers, dresses, skirts, divided skirts, trousers, bib and brace overalls, breeches and shorts (other than swimwear).",Jackets and blazers: Of other textile materials - Other
62044100,"Women's or girls' suits, ensembles, jackets, blazers, dresses, skirts, divided skirts, trousers, bib and brace overalls, breeches and shorts (other than swimwear).",Dresses: Of wool or fine animal hair
62044200,"Women's or girls' suits, ensembles, jackets, blazers, dresses, skirts, divided skirts, trousers, bib and brace overalls, breeches and shorts (other than swimwear).",Dresses: Of cotton
62044300,"Women's or girls' suits, ensembles, jackets, blazers, dresses, skirts, divided skirts, trousers, bib and brace overalls, breeches and shorts (other than swimwear).",Dresses: Of synthetic fibres
62044400,"Women's or girls' suits, ensembles, jackets, blazers, dresses, skirts, divided skirts, trousers, bib and brace overalls, breeches and shorts (other than swimwear).",Dresses: Of artificial fibres
62044900,"Women's or girls' suits, ensembles, jackets, blazers, dresses, skirts, divided skirts, trousers, bib and brace overalls, breeches and shorts (other than swimwear).",Dresses: Of other textile materials
62045100,"Women's or girls' suits, ensembles, jackets, blazers, dresses, skirts, divided skirts, trousers, bib and brace overalls, breeches and shorts (other than swimwear).",Skirts and divided skirts: Of wool or fine animal hair
62045200,"Women's or girls' suits, ensembles, jackets, blazers, dresses, skirts, divided skirts, trousers, bib and brace overalls, breeches and shorts (other than swimwear).",Skirts and divided skirts: Of cotton
62045300,"Women's or girls' suits, ensembles, jackets, blazers, dresses, skirts, divided skirts, trousers, bib and brace overalls, breeches and shorts (other than swimwear).",Skirts and divided skirts: Of synthetic fibres
62045910,"Women's or girls' suits, ensembles, jackets, blazers, dresses, skirts, divided skirts, trousers, bib and brace overalls, breeches and shorts (other than swimwear).",Skirts and divided skirts: Of other textile materials - Of artificial fibres
62045990,"Women's or girls' suits, ensembles, jackets, blazers, dresses, skirts, divided skirts, trousers, bib and brace overalls, breeches and shorts (other than swimwear).",Skirts and divided skirts: Of other textile materials - Other
62046100,"Women's or girls' suits, ensembles, jackets, blazers, dresses, skirts, divided skirts, trousers, bib and brace overalls, breeches and shorts (other than swimwear).","Trousers, bib and brace overalls, breeches and shorts: Of wool or fine animal hair"
62046200,"Women's or girls' suits, ensembles, jackets, blazers, dresses, skirts, divided skirts, trousers, bib and brace overalls, breeches and shorts (other than swimwear).","Trousers, bib and brace overalls, breeches and shorts: Of cotton"
62046300,"Women's or girls' suits, ensembles, jackets, blazers, dresses, skirts, divided skirts, trousers, bib and brace overalls, breeches and shorts (other than swimwear).","Trousers, bib and brace overalls, breeches and shorts: Of synthetic fibres"
62046900,"Women's or girls' suits, ensembles, jackets, blazers, dresses, skirts, divided skirts, trousers, bib and brace overalls, breeches and shorts (other than swimwear).","Trousers, bib and brace overalls, breeches and shorts: Of other textile materials"
62052000,Men's or boys' shirts.,Of cotton
62053000,Men's or boys' shirts.,Of man-made fibres
62059010,Men's or boys' shirts.,Of other textile materials - Of wool or fine animal hair
62059090,Men's or boys' shirts.,Of other textile materials - Other
62061000,"Women's or girls' blouses, shirts and shirt-blouses.",Of silk or silk waste
62062000,"Women's or girls' blouses, shirts and shirt-blouses.",Of wool or fine animal hair
62063000,"Women's or girls' blouses, shirts and shirt-blouses.",Of cotton
62064000,"Women's or girls' blouses, shirts and shirt-blouses.",Of man-made fibres
62069000,"Women's or girls' blouses, shirts and shirt-blouses.",Of other textile materials
62071100,"Men's or boys' singlets and other vests, underpants, briefs, nightshirts, pyjamas, bathrobes, dressing gowns and similar articles.",Underpants and briefs: Of cotton
62071900,"Men's or boys' singlets and other vests, underpants, briefs, nightshirts, pyjamas, bathrobes, dressing gowns and similar articles.",Underpants and briefs: Of other textile materials
62072100,"Men's or boys' singlets and other vests, underpants, briefs, nightshirts, pyjamas, bathrobes, dressing gowns and similar articles.",Nightshirts and pyjamas: Of cotton
62072200,"Men's or boys' singlets and other vests, underpants, briefs, nightshirts, pyjamas, bathrobes, dressing gowns and similar articles.",Nightshirts and pyjamas: Of man-made fibres
62072900,"Men's or boys' singlets and other vests, underpants, briefs, nightshirts, pyjamas, bathrobes, dressing gowns and similar articles.",Nightshirts and pyjamas: Of other textile materials
62079100,"Men's or boys' singlets and other vests, underpants, briefs, nightshirts, pyjamas, bathrobes, dressing gowns and similar articles.",Other: Of cotton
62079910,"Men's or boys' singlets and other vests, underpants, briefs, nightshirts, pyjamas, bathrobes, dressing gowns and similar articles.",Other: Of other textile materials - Of man-made fibres
62079990,"Men's or boys' singlets and other vests, underpants, briefs, nightshirts, pyjamas, bathrobes, dressing gowns and similar articles.",Other: Of other textile materials - Other
62081100,"Women's or girls' singlets and other vests, slips, petticoats, briefs, panties, nightdresses, pyjamas, négligés, bathrobes, dressing gowns and similar articles.",Slips and petticoats: Of man-made fibres
62081900,"Women's or girls' singlets and other vests, slips, petticoats, briefs, panties, nightdresses, pyjamas, négligés, bathrobes, dressing gowns and similar articles.",Slips and petticoats: Of other textile materials
62082100,"Women's or girls' singlets and other vests, slips, petticoats, briefs, panties, nightdresses, pyjamas, négligés, bathrobes, dressing gowns and similar articles.",Nightdresses and pyjamas: Of cotton
62082200,"Women's or girls' singlets and other vests, slips, petticoats, briefs, panties, nightdresses, pyjamas, négligés, bathrobes, dressing gowns and similar articles.",Nightdresses and pyjamas: Of man-made fibres
62082900,"Women's or girls' singlets and other vests, slips, petticoats, briefs, panties, nightdresses, pyjamas, négligés, bathrobes, dressing gowns and similar articles.",Nightdresses and pyjamas: Of other textile materials
62089100,"Women's or girls' singlets and other vests, slips, petticoats, briefs, panties, nightdresses, pyjamas, négligés, bathrobes, dressing gowns and similar articles.",Other: Of cotton
62089200,"Women's or girls' singlets and other vests, slips, petticoats, briefs, panties, nightdresses, pyjamas, négligés, bathrobes, dressing gowns and similar articles.",Other: Of man-made fibres
62089900,"Women's or girls' singlets and other vests, slips, petticoats, briefs, panties, nightdresses, pyjamas, négligés, bathrobes, dressing gowns and similar articles.",Other: Of other textile materials
62092000,Babies' garments and clothing accessories.,Of cotton
62093000,Babies' garments and clothing accessories.,Of synthetic fibres
62099000,Babies' garments and clothing accessories.,Of other textile materials
62101010,"Garments, made up of fabrics of heading 56.02, 56.03, 59.03, 59.06 or 59.07.","Of fabrics of heading 56.02 or 56.03 - Protective suits, to be employed in a noxious atmosphere"
62101090,"Garments, made up of fabrics of heading 56.02, 56.03, 59.03, 59.06 or 59.07.",Of fabrics of heading 56.02 or 56.03 - Other
62102010,"Garments, made up of fabrics of heading 56.02, 56.03, 59.03, 59.06 or 59.07.","Other garments, of the type described in heading 62.01 - Protective suits, to be employed in a noxious atmosphere"
62102090,"Garments, made up of fabrics of heading 56.02, 56.03, 59.03, 59.06 or 59.07.","Other garments, of the type described in heading 62.01 - Other"
62103010,"Garments, made up of fabrics of heading 56.02, 56.03, 59.03, 59.06 or 59.07.","Other garments, of the type described in heading 62.02 - Protective suits, to be employed in a noxious atmosphere"
62103090,"Garments, made up of fabrics of heading 56.02, 56.03, 59.03, 59.06 or 59.07.","Other garments, of the type described in heading 62.02 - Other"
62104010,"Garments, made up of fabrics of heading 56.02, 56.03, 59.03, 59.06 or 59.07.","Other men's or boys' garments - Protective suits, to be employed in a noxious atmosphere"
62104090,"Garments, made up of fabrics of heading 56.02, 56.03, 59.03, 59.06 or 59.07.",Other men's or boys' garments - Other
62105010,"Garments, made up of fabrics of heading 56.02, 56.03, 59.03, 59.06 or 59.07.","Other women's or girls' garments - Protective suits, to be employed in a noxious atmosphere"
62105090,"Garments, made up of fabrics of heading 56.02, 56.03, 59.03, 59.06 or 59.07.",Other women's or girls' garments - Other
62111100,"Track suits, ski suits and swimwear; other garments.",Swimwear: Men's or boys'
62111210,"Track suits, ski suits and swimwear; other garments.",Swimwear: Women's or girls' - Specially designed for incorporating breast prostheses
62111290,"Track suits, ski suits and swimwear; other garments.",Swimwear: Women's or girls' - Other
62112000,"Track suits, ski suits and swimwear; other garments.",Ski suits
62113200,"Track suits, ski suits and swimwear; other garments.","Other garments, men's or boys': Of cotton"
62113300,"Track suits, ski suits and swimwear; other garments.","Other garments, men's or boys': Of man-made fibres"
62113910,"Track suits, ski suits and swimwear; other garments.","Other garments, men's or boys': Of other textile materials - Of wool or fine animal hair"
62113990,"Track suits, ski suits and swimwear; other garments.","Other garments, men's or boys': Of other textile materials - Other"
62114200,"Track suits, ski suits and swimwear; other garments.","Other garments, women's or girls': Of cotton"
62114310,"Track suits, ski suits and swimwear; other garments.","Other garments, women's or girls': Of man-made fibres - Saris"
62114390,"Track suits, ski suits and swimwear; other garments.","Other garments, women's or girls': Of man-made fibres - Other"
62114910,"Track suits, ski suits and swimwear; other garments.","Other garments, women's or girls': Of other textile materials - Saris"
62114991,"Track suits, ski suits and swimwear; other garments.","Other garments, women's or girls': Of other textile materials - Other: Of wool or fine animal hair"
62114999,"Track suits, ski suits and swimwear; other garments.","Other garments, women's or girls': Of other textile materials - Other: Other"
62121000,"Brassières, girdles, corsets, braces, suspenders, garters and similar articles and parts thereof, whether or not knitted or crocheted.",Brassières
62122000,"Brassières, girdles, corsets, braces, suspenders, garters and similar articles and parts thereof, whether or not knitted or crocheted.",Girdles and panty-girdles
62123000,"Brassières, girdles, corsets, braces, suspenders, garters and similar articles and parts thereof, whether or not knitted or crocheted.",Corselettes
62129000,"Brassières, girdles, corsets, braces, suspenders, garters and similar articles and parts thereof, whether or not knitted or crocheted.",Other
62132000,Handkerchiefs.,Of cotton
62139010,Handkerchiefs.,Of other textile materials - Of silk or silk waste
62139090,Handkerchiefs.,Of other textile materials - Other
62141010,"Shawls, scarves, mufflers, mantillas, veils and the like.",Of silk or silk waste - Prayer shawls
62141090,"Shawls, scarves, mufflers, mantillas, veils and the like.",Of silk or silk waste - Other
62142010,"Shawls, scarves, mufflers, mantillas, veils and the like.",Of wool or fine animal hair - Prayer shawls
62142090,"Shawls, scarves, mufflers, mantillas, veils and the like.",Of wool or fine animal hair - Other
62143010,"Shawls, scarves, mufflers, mantillas, veils and the like.",Of synthetic fibres - Prayer shawls
62143090,"Shawls, scarves, mufflers, mantillas, veils and the like.",Of synthetic fibres - Other
62144000,"Shawls, scarves, mufflers, mantillas, veils and the like.",Of artificial fibres
62149000,"Shawls, scarves, mufflers, mantillas, veils and the like.",Of other textile materials
62151000,"Ties, bow ties and cravats.",Of silk or silk waste
62152000,"Ties, bow ties and cravats.",Of man-made fibres
62159000,"Ties, bow ties and cravats.",Of other textile materials
62160000,"Gloves, mittens and mitts.",
62171000,"Other made up clothing accessories; parts of garments or of clothing accessories, other than those of heading 62.12.",Accessories
62179000,"Other made up clothing accessories; parts of garments or of clothing accessories, other than those of heading 62.12.",Parts
63011000,Blankets and travelling rugs.,Electric blankets
63012000,Blankets and travelling rugs.,"Blankets (other than electric blankets) and travelling rugs, of wool or of fine animal hair"
63013000,Blankets and travelling rugs.,"Blankets (other than electric blankets) and travelling rugs, of cotton"
63014000,Blankets and travelling rugs.,"Blankets (other than electric blankets) and travelling rugs, of synthetic fibres"
63019000,Blankets and travelling rugs.,Other blankets and travelling rugs
63021000,"Bed linen, table linen, toilet linen and kitchen linen.","Bed linen, knitted or crocheted"
63022100,"Bed linen, table linen, toilet linen and kitchen linen.","Other bed linen, printed: Of cotton"
63022200,"Bed linen, table linen, toilet linen and kitchen linen.","Other bed linen, printed: Of man-made fibres"
63022900,"Bed linen, table linen, toilet linen and kitchen linen.","Other bed linen, printed: Of other textile materials"
63023100,"Bed linen, table linen, toilet linen and kitchen linen.",Other bed linen: Of cotton
63023200,"Bed linen, table linen, toilet linen and kitchen linen.",Other bed linen: Of man-made fibres
63023900,"Bed linen, table linen, toilet linen and kitchen linen.",Other bed linen: Of other textile materials
63024000,"Bed linen, table linen, toilet linen and kitchen linen.","Table linen, knitted or crocheted"
63025100,"Bed linen, table linen, toilet linen and kitchen linen.",Other table linen: Of cotton
63025300,"Bed linen, table linen, toilet linen and kitchen linen.",Other table linen: Of man-made fibres
63025910,"Bed linen, table linen, toilet linen and kitchen linen.",Other table linen: Of other textile materials - Of flax
63025990,"Bed linen, table linen, toilet linen and kitchen linen.",Other table linen: Of other textile materials - Other
63026000,"Bed linen, table linen, toilet linen and kitchen linen.","Toilet linen and kitchen linen, of terry towelling or similar terry fabrics, of cotton"
63029100,"Bed linen, table linen, toilet linen and kitchen linen.",Other: Of cotton
63029300,"Bed linen, table linen, toilet linen and kitchen linen.",Other: Of man-made fibres
63029910,"Bed linen, table linen, toilet linen and kitchen linen.",Other: Of other textile materials - Of flax
63029990,"Bed linen, table linen, toilet linen and kitchen linen.",Other: Of other textile materials - Other
63031200,Curtains (including drapes) and interior blinds; curtain or bed valances.,Knitted or crocheted: Of synthetic fibres
63031900,Curtains (including drapes) and interior blinds; curtain or bed valances.,Knitted or crocheted: Of other textile materials
63039100,Curtains (including drapes) and interior blinds; curtain or bed valances.,Other: Of cotton
63039210,Curtains (including drapes) and interior blinds; curtain or bed valances.,Other: Of synthetic fibres - Made up from fabrics of tariff item No. 5407.61.10
63039290,Curtains (including drapes) and interior blinds; curtain or bed valances.,Other: Of synthetic fibres - Other
63039900,Curtains (including drapes) and interior blinds; curtain or bed valances.,Other: Of other textile materials
63041100,"Other furnishing articles, excluding those of heading 94.04.",Bedspreads: Knitted or crocheted
63041900,"Other furnishing articles, excluding those of heading 94.04.",Bedspreads: Other
63042000,"Other furnishing articles, excluding those of heading 94.04.",Bed nets specified in Subheading Note 1 to this Chapter
63049110,"Other furnishing articles, excluding those of heading 94.04.",Other: Knitted or crocheted - Seat covers for motor vehicles
63049190,"Other furnishing articles, excluding those of heading 94.04.",Other: Knitted or crocheted - Other
63049210,"Other furnishing articles, excluding those of heading 94.04.","Other: Not knitted or crocheted, of cotton - Seat covers for motor vehicles"
63049290,"Other furnishing articles, excluding those of heading 94.04.","Other: Not knitted or crocheted, of cotton - Other"
63049310,"Other furnishing articles, excluding those of heading 94.04.","Other: Not knitted or crocheted, of synthetic fibres - Seat covers for motor vehicles"
63049390,"Other furnishing articles, excluding those of heading 94.04.","Other: Not knitted or crocheted, of synthetic fibres - Other"
63049910,"Other furnishing articles, excluding those of heading 94.04.","Other: Not knitted or crocheted, of other textile materials - Seat covers for motor vehicles"
63049990,"Other furnishing articles, excluding those of heading 94.04.","Other: Not knitted or crocheted, of other textile materials - Other"
63051000,"Sacks and bags, of a kind used for the packing of goods.",Of jute or of other textile bast fibres of heading 53.03
63052000,"Sacks and bags, of a kind used for the packing of goods.",Of cotton
63053200,"Sacks and bags, of a kind used for the packing of goods.",Of man-made textile materials: Flexible intermediate bulk containers
63053300,"Sacks and bags, of a kind used for the packing of goods.","Of man-made textile materials: Other, of polyethylene or polypropylene strip or the like"
63053900,"Sacks and bags, of a kind used for the packing of goods.",Of man-made textile materials: Other
63059000,"Sacks and bags, of a kind used for the packing of goods.",Of other textile materials
63061200,"Tarpaulins, awnings and sunblinds; tents (including temporary canopies and similar articles); sails for boats, sailboards or landcraft; camping goods.","Tarpaulins, awnings and sunblinds: Of synthetic fibres"
63061900,"Tarpaulins, awnings and sunblinds; tents (including temporary canopies and similar articles); sails for boats, sailboards or landcraft; camping goods.","Tarpaulins, awnings and sunblinds: Of other textile materials"
63062200,"Tarpaulins, awnings and sunblinds; tents (including temporary canopies and similar articles); sails for boats, sailboards or landcraft; camping goods.",Tents (including temporary canopies and similar articles): Of synthetic fibres
63062900,"Tarpaulins, awnings and sunblinds; tents (including temporary canopies and similar articles); sails for boats, sailboards or landcraft; camping goods.",Tents (including temporary canopies and similar articles): Of other textile materials
63063000,"Tarpaulins, awnings and sunblinds; tents (including temporary canopies and similar articles); sails for boats, sailboards or landcraft; camping goods.",Sails
63064000,"Tarpaulins, awnings and sunblinds; tents (including temporary canopies and similar articles); sails for boats, sailboards or landcraft; camping goods.",Pneumatic mattresses
63069010,"Tarpaulins, awnings and sunblinds; tents (including temporary canopies and similar articles); sails for boats, sailboards or landcraft; camping goods.",Other - Of cotton
63069090,"Tarpaulins, awnings and sunblinds; tents (including temporary canopies and similar articles); sails for boats, sailboards or landcraft; camping goods.",Other - Other
63071010,"Other made up articles, including dress patterns.","Floor-cloths, dish-cloths, dusters and similar cleaning cloths - Industrial shop towels, hemmed, of a width of 43 cm or more but not exceeding 56 cm and a length of 43 cm or more but not exceeding 61 cm, of unbleached woven fabrics solely of cotton or of cotton and man-made fibres, measuring per single yarn 420 decitex to 1,000 decitex and having not less than 78 yarns but not more than 133 yarns per 10 cm in the warp and not less than 78 yarns but not more than 137 yarns per 10 cm in the weft, of a weight of 135 g/m2 or more but not exceeding 203 g/m2"
63071090,"Other made up articles, including dress patterns.","Floor-cloths, dish-cloths, dusters and similar cleaning cloths - Other"
63072000,"Other made up articles, including dress patterns.",Life-jackets and life-belts
63079010,"Other made up articles, including dress patterns.","Other - Burial shrouds; Climbing harnesses, for climbing or mountaineering, manufactured to the standards of the Union Internationale des Associations d'Alpinisme; Marine evacuation chutes, for use in the manufacture of marine evacuation systems; Respirators, NIOSH approved or equivalent, consisting of several layers of nonwovens of man-made fibres, whether or not treated with activated carbon, with or without an exhalation valve, to be employed in a noxious atmosphere; Sample books of textile wall coverings of subheading 5905.00; Tubular webbing, for climbing or mountaineering; Wire-edged ribbon for use in the manufacture of articles put up for retail sale as festive articles of heading 95.05"
63079030,"Other made up articles, including dress patterns.",Other - Belts for occupational use
63079040,"Other made up articles, including dress patterns.",Other - Furniture moving pads
63079050,"Other made up articles, including dress patterns.",Other - Shells for use in the manufacture of articles of subheading 9404.90
63079091,"Other made up articles, including dress patterns.",Other - Other: Solely of jute
63079092,"Other made up articles, including dress patterns.",Other - Other: Of silk
63079093,"Other made up articles, including dress patterns.","Other - Other: Of cotton or other vegetable textile fibres, except solely of jute"
63079099,"Other made up articles, including dress patterns.",Other - Other: Of other textile materials
63080000,"Sets consisting of woven fabric and yarn, whether or not with accessories, for making up into rugs, tapestries, embroidered table cloths or serviettes, or similar textile articles, put up in packings for retail sale.",
63090010,Worn clothing and other worn articles.,Used textile articles for use in the manufacture of wiping rags
63090090,Worn clothing and other worn articles.,Other
63101000,"Used or new rags, scrap twine, cordage, rope and cables and worn out articles of twine, cordage, rope or cables, of textile materials.",Sorted
63109000,"Used or new rags, scrap twine, cordage, rope and cables and worn out articles of twine, cordage, rope or cables, of textile materials.",Other
64011011,"Waterproof footwear with outer soles and uppers of rubber or of plastics, the uppers of which are neither fixed to the sole nor assembled by stitching, riveting, nailing, screwing, plugging or similar processes.",Footwear incorporating a protective metal toe-cap - Of rubber: Riding boots solely of rubber
64011019,"Waterproof footwear with outer soles and uppers of rubber or of plastics, the uppers of which are neither fixed to the sole nor assembled by stitching, riveting, nailing, screwing, plugging or similar processes.",Footwear incorporating a protective metal toe-cap - Of rubber: Other
64011020,"Waterproof footwear with outer soles and uppers of rubber or of plastics, the uppers of which are neither fixed to the sole nor assembled by stitching, riveting, nailing, screwing, plugging or similar processes.",Footwear incorporating a protective metal toe-cap - Of plastics
64019211,"Waterproof footwear with outer soles and uppers of rubber or of plastics, the uppers of which are neither fixed to the sole nor assembled by stitching, riveting, nailing, screwing, plugging or similar processes.",Other footwear: Covering the ankle but not covering the knee - Riding boots: Of rubber
64019212,"Waterproof footwear with outer soles and uppers of rubber or of plastics, the uppers of which are neither fixed to the sole nor assembled by stitching, riveting, nailing, screwing, plugging or similar processes.",Other footwear: Covering the ankle but not covering the knee - Riding boots: Of plastics
64019220,"Waterproof footwear with outer soles and uppers of rubber or of plastics, the uppers of which are neither fixed to the sole nor assembled by stitching, riveting, nailing, screwing, plugging or similar processes.",Other footwear: Covering the ankle but not covering the knee - Downhill ski-boots
64019291,"Waterproof footwear with outer soles and uppers of rubber or of plastics, the uppers of which are neither fixed to the sole nor assembled by stitching, riveting, nailing, screwing, plugging or similar processes.",Other footwear: Covering the ankle but not covering the knee - Other: Of rubber
64019292,"Waterproof footwear with outer soles and uppers of rubber or of plastics, the uppers of which are neither fixed to the sole nor assembled by stitching, riveting, nailing, screwing, plugging or similar processes.",Other footwear: Covering the ankle but not covering the knee - Other: Of plastics
64019911,"Waterproof footwear with outer soles and uppers of rubber or of plastics, the uppers of which are neither fixed to the sole nor assembled by stitching, riveting, nailing, screwing, plugging or similar processes.",Other footwear: Other - Of rubber: Riding boots solely of rubber
64019912,"Waterproof footwear with outer soles and uppers of rubber or of plastics, the uppers of which are neither fixed to the sole nor assembled by stitching, riveting, nailing, screwing, plugging or similar processes.",Other footwear: Other - Of rubber: Unfinished footwear consisting of an outer sole and an incomplete upper
64019919,"Waterproof footwear with outer soles and uppers of rubber or of plastics, the uppers of which are neither fixed to the sole nor assembled by stitching, riveting, nailing, screwing, plugging or similar processes.",Other footwear: Other - Of rubber: Other
64019920,"Waterproof footwear with outer soles and uppers of rubber or of plastics, the uppers of which are neither fixed to the sole nor assembled by stitching, riveting, nailing, screwing, plugging or similar processes.",Other footwear: Other - Of plastics
64021200,Other footwear with outer soles and uppers of rubber or plastics.,"Sports footwear: Ski-boots, cross-country ski footwear and snowboard boots"
64021910,Other footwear with outer soles and uppers of rubber or plastics.,"Sports footwear: Other - Soccer, other football, baseball or bowling footwear"
64021990,Other footwear with outer soles and uppers of rubber or plastics.,Sports footwear: Other - Other
64022011,Other footwear with outer soles and uppers of rubber or plastics.,Footwear with upper straps or thongs assembled to the sole by means of plugs - Of rubber: Sandals solely of rubber
64022019,Other footwear with outer soles and uppers of rubber or plastics.,Footwear with upper straps or thongs assembled to the sole by means of plugs - Of rubber: Other
64022020,Other footwear with outer soles and uppers of rubber or plastics.,Footwear with upper straps or thongs assembled to the sole by means of plugs - Of plastics
64029110,Other footwear with outer soles and uppers of rubber or plastics.,Other footwear: Covering the ankle - Incorporating a protective metal toe-cap
64029190,Other footwear with outer soles and uppers of rubber or plastics.,Other footwear: Covering the ankle - Other
64029910,Other footwear with outer soles and uppers of rubber or plastics.,Other footwear: Other - Incorporating a protective metal toe-cap
64029990,Other footwear with outer soles and uppers of rubber or plastics.,Other footwear: Other - Other
64031200,"Footwear with outer soles of rubber, plastics, leather or composition leather and uppers of leather.","Sports footwear: Ski-boots, cross-country ski footwear and snowboard boots"
64031910,"Footwear with outer soles of rubber, plastics, leather or composition leather and uppers of leather.","Sports footwear: Other - For an individual with a defective or abnormal foot or ankle, when purchased on the written order of a registered medical practitioner"
64031920,"Footwear with outer soles of rubber, plastics, leather or composition leather and uppers of leather.","Sports footwear: Other - Other footwear for riding, golfing, hiking, climbing, curling, bowling, skating or training including track and running"
64031990,"Footwear with outer soles of rubber, plastics, leather or composition leather and uppers of leather.",Sports footwear: Other - Other
64032000,"Footwear with outer soles of rubber, plastics, leather or composition leather and uppers of leather.","Footwear with outer soles of leather, and uppers which consist of leather straps across the instep and around the big toe"
64034000,"Footwear with outer soles of rubber, plastics, leather or composition leather and uppers of leather.","Other footwear, incorporating a protective metal toe-cap"
64035110,"Footwear with outer soles of rubber, plastics, leather or composition leather and uppers of leather.",Other footwear with outer soles of leather: Covering the ankle - Slippers
64035190,"Footwear with outer soles of rubber, plastics, leather or composition leather and uppers of leather.",Other footwear with outer soles of leather: Covering the ankle - Other
64035910,"Footwear with outer soles of rubber, plastics, leather or composition leather and uppers of leather.","Other footwear with outer soles of leather: Other - For an individual with a defective or abnormal foot or ankle, when purchased on the written order of a registered medical practitioner; Pointe shoes or block toe shoes, for professional dancers employed by full-time dance companies which meet Canada Council standards of professionalism or for ballet students in full-time attendance at a ballet school which meets Canada Council curriculum standards"
64035920,"Footwear with outer soles of rubber, plastics, leather or composition leather and uppers of leather.","Other footwear with outer soles of leather: Other - Other women's footwear, valued at $30 or more per pair"
64035991,"Footwear with outer soles of rubber, plastics, leather or composition leather and uppers of leather.",Other footwear with outer soles of leather: Other - Other: Slippers
64035999,"Footwear with outer soles of rubber, plastics, leather or composition leather and uppers of leather.",Other footwear with outer soles of leather: Other - Other: Other
64039100,"Footwear with outer soles of rubber, plastics, leather or composition leather and uppers of leather.",Other footwear: Covering the ankle
64039910,"Footwear with outer soles of rubber, plastics, leather or composition leather and uppers of leather.","Other footwear: Other - For an individual with a defective or abnormal foot or ankle, when purchased on the written order of a registered medical practitioner"
64039930,"Footwear with outer soles of rubber, plastics, leather or composition leather and uppers of leather.","Other footwear: Other - Other women's footwear, valued at $30 or more per pair"
64039991,"Footwear with outer soles of rubber, plastics, leather or composition leather and uppers of leather.",Other footwear: Other - Other: Slippers
64039999,"Footwear with outer soles of rubber, plastics, leather or composition leather and uppers of leather.",Other footwear: Other - Other: Other
64041111,"Footwear with outer soles of rubber, plastics, leather or composition leather and uppers of textile materials.","Footwear with outer soles of rubber or plastics: Sports footwear; tennis shoes, basketball shoes, gym shoes, training shoes and the like - Footwear with outer soles solely of rubber and uppers of canvas, being a heavy, plain weave or basket weave fabric, tightly woven with a minimum per cent cover of 99%, solely of vegetable textile fibres, of a weight of 200 g/m2 or more, excluding coatings or laminations: Hiking footwear"
64041119,"Footwear with outer soles of rubber, plastics, leather or composition leather and uppers of textile materials.","Footwear with outer soles of rubber or plastics: Sports footwear; tennis shoes, basketball shoes, gym shoes, training shoes and the like - Footwear with outer soles solely of rubber and uppers of canvas, being a heavy, plain weave or basket weave fabric, tightly woven with a minimum per cent cover of 99%, solely of vegetable textile fibres, of a weight of 200 g/m2 or more, excluding coatings or laminations: Other"
64041191,"Footwear with outer soles of rubber, plastics, leather or composition leather and uppers of textile materials.","Footwear with outer soles of rubber or plastics: Sports footwear; tennis shoes, basketball shoes, gym shoes, training shoes and the like - Other: Hiking footwear"
64041199,"Footwear with outer soles of rubber, plastics, leather or composition leather and uppers of textile materials.","Footwear with outer soles of rubber or plastics: Sports footwear; tennis shoes, basketball shoes, gym shoes, training shoes and the like - Other: Other"
64041910,"Footwear with outer soles of rubber, plastics, leather or composition leather and uppers of textile materials.","Footwear with outer soles of rubber or plastics: Other - For an individual with a defective or abnormal foot or ankle, when purchased on the written order of a registered medical practitioner"
64041930,"Footwear with outer soles of rubber, plastics, leather or composition leather and uppers of textile materials.","Footwear with outer soles of rubber or plastics: Other - Other, with outer soles solely of rubber and uppers of canvas, being a heavy, plain weave or basket weave fabric, tightly woven with a minimum per cent cover of 99%, solely of vegetable textile fibres, of a weight of 200 g/m2 or more, excluding coatings or laminations"
64041990,"Footwear with outer soles of rubber, plastics, leather or composition leather and uppers of textile materials.",Footwear with outer soles of rubber or plastics: Other - Other
64042010,"Footwear with outer soles of rubber, plastics, leather or composition leather and uppers of textile materials.","Footwear with outer soles of leather or composition leather - Pointe shoes or block toe shoes, for professional dancers employed by full-time dance companies which meet Canada Council standards of professionalism or for ballet students in full-time attendance at a ballet school which meets Canada Council curriculum standards"
64042090,"Footwear with outer soles of rubber, plastics, leather or composition leather and uppers of textile materials.",Footwear with outer soles of leather or composition leather - Other
64051010,Other footwear.,"With uppers of leather or composition leather - Pointe shoes or block toe shoes, for professional dancers employed by full-time dance companies which meet Canada Council standards of professionalism or for ballet students in full-time attendance at a ballet school which meets Canada Council curriculum standards"
64051090,Other footwear.,With uppers of leather or composition leather - Other
64052010,Other footwear.,"With uppers of textile materials - Pointe shoes or block toe shoes, for professional dancers employed by full-time dance companies which meet Canada Council standards of professionalism or for ballet students in full-time attendance at a ballet school which meets Canada Council curriculum standards"
64052020,Other footwear.,With uppers of textile materials - Other footwear with outer soles and uppers of wool felt
64052090,Other footwear.,With uppers of textile materials - Other
64059000,Other footwear.,Other
65040010,"Hats and other headgear, plaited or made by assembling strips of any material, whether or not lined or trimmed.","Plaited, in a single piece, or of fur-felt or wool-felt, for use in the manufacture of hats"
65040090,"Hats and other headgear, plaited or made by assembling strips of any material, whether or not lined or trimmed.",Other
65050010,"Hats and other headgear, knitted or crocheted, or made up from lace, felt or other textile fabric, in the piece (but not in strips), whether or not lined or trimmed; hair-nets of any material, whether or not lined or trimmed.",Hair-nets
65050020,"Hats and other headgear, knitted or crocheted, or made up from lace, felt or other textile fabric, in the piece (but not in strips), whether or not lined or trimmed; hair-nets of any material, whether or not lined or trimmed.","Knitted, crocheted or woven, for use in the manufacture of hats"
65050031,"Hats and other headgear, knitted or crocheted, or made up from lace, felt or other textile fabric, in the piece (but not in strips), whether or not lined or trimmed; hair-nets of any material, whether or not lined or trimmed.","Felt hats and other felt headgear, made from the hat bodies, hoods or plateaux of heading 65.01, whether or not lined or trimmed: Of fur-felt or wool-felt, for use in the manufacture of hats"
65050039,"Hats and other headgear, knitted or crocheted, or made up from lace, felt or other textile fabric, in the piece (but not in strips), whether or not lined or trimmed; hair-nets of any material, whether or not lined or trimmed.","Felt hats and other felt headgear, made from the hat bodies, hoods or plateaux of heading 65.01, whether or not lined or trimmed: Other"
65050040,"Hats and other headgear, knitted or crocheted, or made up from lace, felt or other textile fabric, in the piece (but not in strips), whether or not lined or trimmed; hair-nets of any material, whether or not lined or trimmed.","Other hats, hoods, caps, bonnets or berets"
65050090,"Hats and other headgear, knitted or crocheted, or made up from lace, felt or other textile fabric, in the piece (but not in strips), whether or not lined or trimmed; hair-nets of any material, whether or not lined or trimmed.",Other
65061010,"Other headgear, whether or not lined or trimmed.","Safety headgear - Football helmets; For firefighters; For mountaineering and climbing; Industrial safety helmets; Lead-impregnated or lead-lined, for X-ray operators; Other protective headgear, athleticFor mountaineering and climbing; Industrial safety helmets; Lead-impregnated or lead-lined, for X-ray operators; Other protective headgear, athletic"
65061090,"Other headgear, whether or not lined or trimmed.",Safety headgear - Other
65069100,"Other headgear, whether or not lined or trimmed.",Other: Of rubber or of plastics
65069910,"Other headgear, whether or not lined or trimmed.","Other: Of other materials - Of paper, leather or feathers"
65069920,"Other headgear, whether or not lined or trimmed.",Other: Of other materials - Of furskin
65069990,"Other headgear, whether or not lined or trimmed.",Other: Of other materials - Other
69101010,"Ceramic sinks, wash basins, wash basin pedestals, baths, bidets, water closet pans, flushing cisterns, urinals and similar sanitary fixtures.",Of porcelain or china - Water closet pans (toilet bowls) and flushing cisterns (toilet tanks) or combinations thereof
69101090,"Ceramic sinks, wash basins, wash basin pedestals, baths, bidets, water closet pans, flushing cisterns, urinals and similar sanitary fixtures.",Of porcelain or china - Other
69109000,"Ceramic sinks, wash basins, wash basin pedestals, baths, bidets, water closet pans, flushing cisterns, urinals and similar sanitary fixtures.",Other
70131000,"Glassware of a kind used for table, kitchen, toilet, office, indoor decoration or similar purposes (other than that of heading 70.10 or 70.18).",Of glass-ceramics
70132200,"Glassware of a kind used for table, kitchen, toilet, office, indoor decoration or similar purposes (other than that of heading 70.10 or 70.18).","Stemware drinking glasses, other than of glass-ceramics: Of lead crystal"
70132800,"Glassware of a kind used for table, kitchen, toilet, office, indoor decoration or similar purposes (other than that of heading 70.10 or 70.18).","Stemware drinking glasses, other than of glass-ceramics: Other"
70133300,"Glassware of a kind used for table, kitchen, toilet, office, indoor decoration or similar purposes (other than that of heading 70.10 or 70.18).","Other drinking glasses, other than of glass-ceramics: Of lead crystal"
70133700,"Glassware of a kind used for table, kitchen, toilet, office, indoor decoration or similar purposes (other than that of heading 70.10 or 70.18).","Other drinking glasses, other than of glass-ceramics: Other"
70134100,"Glassware of a kind used for table, kitchen, toilet, office, indoor decoration or similar purposes (other than that of heading 70.10 or 70.18).","Glassware of a kind used for table (other than drinking glasses) or kitchen purposes, other than of glass-ceramics: Of lead crystal"
70134200,"Glassware of a kind used for table, kitchen, toilet, office, indoor decoration or similar purposes (other than that of heading 70.10 or 70.18).","Glassware of a kind used for table (other than drinking glasses) or kitchen purposes, other than of glass-ceramics: Of glass having a linear coefficient of expansion not exceding 5 x 10-6 per Kelvin within a temperature range of 0°C to 300°C"
70134900,"Glassware of a kind used for table, kitchen, toilet, office, indoor decoration or similar purposes (other than that of heading 70.10 or 70.18).","Glassware of a kind used for table (other than drinking glasses) or kitchen purposes, other than of glass-ceramics: Other"
70139100,"Glassware of a kind used for table, kitchen, toilet, office, indoor decoration or similar purposes (other than that of heading 70.10 or 70.18).",Other glassware: Of lead crystal
70139900,"Glassware of a kind used for table, kitchen, toilet, office, indoor decoration or similar purposes (other than that of heading 70.10 or 70.18).",Other glassware: Other
71023900,"Diamonds, whether or not worked, but not mounted or set.",Non-industrial: Other
71069100,"Silver (including silver plated with gold or platinum), unwrought or in semi-manufactured forms, or in powder form.",Other: Unwrought
71069200,"Silver (including silver plated with gold or platinum), unwrought or in semi-manufactured forms, or in powder form.",Other: Semi-manufactured
71102100,"Platinum, unwrought or in semi-manufactured forms, or in powder form.",Palladium: Unwrought or in powder form
71102900,"Platinum, unwrought or in semi-manufactured forms, or in powder form.",Palladium: Other
71131110,"Articles of jewellery and parts thereof, of precious metal or of metal clad with precious metal.","Of precious metal whether or not plated or clad with precious metal: Of silver, whether or not plated or clad with other precious metal - Findings, not plated or clad"
71131190,"Articles of jewellery and parts thereof, of precious metal or of metal clad with precious metal.","Of precious metal whether or not plated or clad with precious metal: Of silver, whether or not plated or clad with other precious metal - Other"
71131910,"Articles of jewellery and parts thereof, of precious metal or of metal clad with precious metal.","Of precious metal whether or not plated or clad with precious metal: Of other precious metal, whether or not plated or clad with precious metal - Findings, not plated or clad"
71131990,"Articles of jewellery and parts thereof, of precious metal or of metal clad with precious metal.","Of precious metal whether or not plated or clad with precious metal: Of other precious metal, whether or not plated or clad with precious metal - Other"
71132010,"Articles of jewellery and parts thereof, of precious metal or of metal clad with precious metal.",Of base metal clad with precious metal - Findings
71132090,"Articles of jewellery and parts thereof, of precious metal or of metal clad with precious metal.",Of base metal clad with precious metal - Other
71159000,Other articles of precious metal or of metal clad with precious metal.,Other
71171990,Imitation jewellery.,"Of base metal, whether or not plated with precious metal: Other - Other"
73211110,"Stoves, ranges, grates, cookers (including those with subsidiary boilers for central heating), barbecues, braziers, gas-rings, plate warmers and similar non-electric domestic appliances, and parts thereof, of iron or steel.",Cooking appliances and plate warmers: For gas fuel or for both gas and other fuels - Non-portable stoves or ranges (including those specially designed for use on boats)
73211190,"Stoves, ranges, grates, cookers (including those with subsidiary boilers for central heating), barbecues, braziers, gas-rings, plate warmers and similar non-electric domestic appliances, and parts thereof, of iron or steel.",Cooking appliances and plate warmers: For gas fuel or for both gas and other fuels - Other
73211200,"Stoves, ranges, grates, cookers (including those with subsidiary boilers for central heating), barbecues, braziers, gas-rings, plate warmers and similar non-electric domestic appliances, and parts thereof, of iron or steel.",Cooking appliances and plate warmers: For liquid fuel
73211910,"Stoves, ranges, grates, cookers (including those with subsidiary boilers for central heating), barbecues, braziers, gas-rings, plate warmers and similar non-electric domestic appliances, and parts thereof, of iron or steel.","Cooking appliances and plate warmers: Other, including appliances for solid fuel - Non-portable stoves or ranges (including those specially designed for use on boats)"
73211990,"Stoves, ranges, grates, cookers (including those with subsidiary boilers for central heating), barbecues, braziers, gas-rings, plate warmers and similar non-electric domestic appliances, and parts thereof, of iron or steel.","Cooking appliances and plate warmers: Other, including appliances for solid fuel - Other"
73218100,"Stoves, ranges, grates, cookers (including those with subsidiary boilers for central heating), barbecues, braziers, gas-rings, plate warmers and similar non-electric domestic appliances, and parts thereof, of iron or steel.",Other appliances: For gas fuel or for both gas and other fuels
73218200,"Stoves, ranges, grates, cookers (including those with subsidiary boilers for central heating), barbecues, braziers, gas-rings, plate warmers and similar non-electric domestic appliances, and parts thereof, of iron or steel.",Other appliances: For liquid fuel
73218900,"Stoves, ranges, grates, cookers (including those with subsidiary boilers for central heating), barbecues, braziers, gas-rings, plate warmers and similar non-electric domestic appliances, and parts thereof, of iron or steel.","Other appliances: Other, including appliances for solid fuel"
82021000,"Hand saws; blades for saws of all kinds (including slitting, slotting or toothless saw blades).",Hand saws
82032000,"Files, rasps, pliers (including cutting pliers), pincers, tweezers, metal cutting shears, pipe-cutters, bolt croppers, perforating punches and similar hand tools.","Pliers (including cutting pliers), pincers, tweezers and similar tools"
82041100,"Hand-operated spanners and wrenches (including torque meter wrenches but not including tap wrenches); interchangeable spanner sockets, with or without handles.",Hand-operated spanners and wrenches: Non-adjustable
82041200,"Hand-operated spanners and wrenches (including torque meter wrenches but not including tap wrenches); interchangeable spanner sockets, with or without handles.",Hand-operated spanners and wrenches: Adjustable
82042000,"Hand-operated spanners and wrenches (including torque meter wrenches but not including tap wrenches); interchangeable spanner sockets, with or without handles.","Interchangeable spanner sockets, with or without handles"
82051010,"Hand tools (including glaziers' diamonds), not elsewhere specified or included; blow lamps; vices, clamps and the like, other than accessories for and parts of, machine-tools or water-jet cutting machines; anvils; portable forges; hand or pedal-operated grinding wheels with frameworks.","Drilling, threading or tapping tools - Die stocks"
82051090,"Hand tools (including glaziers' diamonds), not elsewhere specified or included; blow lamps; vices, clamps and the like, other than accessories for and parts of, machine-tools or water-jet cutting machines; anvils; portable forges; hand or pedal-operated grinding wheels with frameworks.","Drilling, threading or tapping tools - Other"
82052090,"Hand tools (including glaziers' diamonds), not elsewhere specified or included; blow lamps; vices, clamps and the like, other than accessories for and parts of, machine-tools or water-jet cutting machines; anvils; portable forges; hand or pedal-operated grinding wheels with frameworks.",Hammers and sledge hammers - Other
82053000,"Hand tools (including glaziers' diamonds), not elsewhere specified or included; blow lamps; vices, clamps and the like, other than accessories for and parts of, machine-tools or water-jet cutting machines; anvils; portable forges; hand or pedal-operated grinding wheels with frameworks.","Planes, chisels, gouges and similar cutting tools for working wood"
82054000,"Hand tools (including glaziers' diamonds), not elsewhere specified or included; blow lamps; vices, clamps and the like, other than accessories for and parts of, machine-tools or water-jet cutting machines; anvils; portable forges; hand or pedal-operated grinding wheels with frameworks.",Screwdrivers
82055110,"Hand tools (including glaziers' diamonds), not elsewhere specified or included; blow lamps; vices, clamps and the like, other than accessories for and parts of, machine-tools or water-jet cutting machines; anvils; portable forges; hand or pedal-operated grinding wheels with frameworks.",Other hand tools (including glaziers' diamonds): Household tools - Portable butane hair curlers
82055190,"Hand tools (including glaziers' diamonds), not elsewhere specified or included; blow lamps; vices, clamps and the like, other than accessories for and parts of, machine-tools or water-jet cutting machines; anvils; portable forges; hand or pedal-operated grinding wheels with frameworks.",Other hand tools (including glaziers' diamonds): Household tools - Other
82055920,"Hand tools (including glaziers' diamonds), not elsewhere specified or included; blow lamps; vices, clamps and the like, other than accessories for and parts of, machine-tools or water-jet cutting machines; anvils; portable forges; hand or pedal-operated grinding wheels with frameworks.","Other hand tools (including glaziers' diamonds): Other - Stapling or tacking guns, and hammer tackers not operated by an independent hammer"
82055990,"Hand tools (including glaziers' diamonds), not elsewhere specified or included; blow lamps; vices, clamps and the like, other than accessories for and parts of, machine-tools or water-jet cutting machines; anvils; portable forges; hand or pedal-operated grinding wheels with frameworks.",Other hand tools (including glaziers' diamonds): Other - Other
82056000,"Hand tools (including glaziers' diamonds), not elsewhere specified or included; blow lamps; vices, clamps and the like, other than accessories for and parts of, machine-tools or water-jet cutting machines; anvils; portable forges; hand or pedal-operated grinding wheels with frameworks.",Blow lamps
82057090,"Hand tools (including glaziers' diamonds), not elsewhere specified or included; blow lamps; vices, clamps and the like, other than accessories for and parts of, machine-tools or water-jet cutting machines; anvils; portable forges; hand or pedal-operated grinding wheels with frameworks.","Vices, clamps and the like - Other"
82060000,"Tools of two or more of the headings 82.02 to 82.05, put up in sets for retail sale.",
82111010,"Knives with cutting blades, serrated or not (including pruning knives), other than knives of heading 82.08, and blades therefor.",Sets of assorted articles - Table cutlery
82111090,"Knives with cutting blades, serrated or not (including pruning knives), other than knives of heading 82.08, and blades therefor.",Sets of assorted articles - Other
82119110,"Knives with cutting blades, serrated or not (including pruning knives), other than knives of heading 82.08, and blades therefor.",Other: Table knives having fixed blades - Carving knives
82119190,"Knives with cutting blades, serrated or not (including pruning knives), other than knives of heading 82.08, and blades therefor.",Other: Table knives having fixed blades - Other
82119200,"Knives with cutting blades, serrated or not (including pruning knives), other than knives of heading 82.08, and blades therefor.",Other: Other knives having fixed blades
82119300,"Knives with cutting blades, serrated or not (including pruning knives), other than knives of heading 82.08, and blades therefor.",Other: Knives having other than fixed blades
82119490,"Knives with cutting blades, serrated or not (including pruning knives), other than knives of heading 82.08, and blades therefor.",Other: Blades - Other
82119511,"Knives with cutting blades, serrated or not (including pruning knives), other than knives of heading 82.08, and blades therefor.",Other: Handles of base metal - Of table knives having fixed blades: Of carving knives
82121000,Razors and razor blades (including razor blade blanks in strips).,Razors
82122000,Razors and razor blades (including razor blade blanks in strips).,"Safety razor blades, including razor blade blanks in strips"
82129000,Razors and razor blades (including razor blade blanks in strips).,Other parts
82130010,"Scissors, tailors' shears and similar shears, and blades therefor.",Scissors and shears
82130020,"Scissors, tailors' shears and similar shears, and blades therefor.",Blanks
82130030,"Scissors, tailors' shears and similar shears, and blades therefor.",Blades
82141000,"Other articles of cutlery (for example, hair clippers, butchers' or kitchen cleavers, choppers and mincing knives, paper knives); manicure or pedicure sets and instruments (including nail files).","Paper knives, letter openers, erasing knives, pencil sharpeners and blades therefor"
82142000,"Other articles of cutlery (for example, hair clippers, butchers' or kitchen cleavers, choppers and mincing knives, paper knives); manicure or pedicure sets and instruments (including nail files).",Manicure or pedicure sets and instruments (including nail files)
82149090,"Other articles of cutlery (for example, hair clippers, butchers' or kitchen cleavers, choppers and mincing knives, paper knives); manicure or pedicure sets and instruments (including nail files).",Other - Other
82151010,"Spoons, forks, ladles, skimmers, cake-servers, fish-knives, butter-knives, sugar tongs and similar kitchen or tableware.","Sets of assorted articles containing at least one article plated with precious metal - Containing spoons, knives and forks, of a kind used at the table"
82151090,"Spoons, forks, ladles, skimmers, cake-servers, fish-knives, butter-knives, sugar tongs and similar kitchen or tableware.",Sets of assorted articles containing at least one article plated with precious metal - Other
82152010,"Spoons, forks, ladles, skimmers, cake-servers, fish-knives, butter-knives, sugar tongs and similar kitchen or tableware.","Other sets of assorted articles - Containing spoons, knives and forks, of a kind used at the table"
82152090,"Spoons, forks, ladles, skimmers, cake-servers, fish-knives, butter-knives, sugar tongs and similar kitchen or tableware.",Other sets of assorted articles - Other
82159110,"Spoons, forks, ladles, skimmers, cake-servers, fish-knives, butter-knives, sugar tongs and similar kitchen or tableware.","Other: Plated with precious metal - Spoons or forks, of a kind used at the table"
82159190,"Spoons, forks, ladles, skimmers, cake-servers, fish-knives, butter-knives, sugar tongs and similar kitchen or tableware.",Other: Plated with precious metal - Other
82159910,"Spoons, forks, ladles, skimmers, cake-servers, fish-knives, butter-knives, sugar tongs and similar kitchen or tableware.","Other: Other - Spoons or forks, of a kind used at the table"
82159990,"Spoons, forks, ladles, skimmers, cake-servers, fish-knives, butter-knives, sugar tongs and similar kitchen or tableware.",Other: Other - Other
83011000,"Padlocks and locks (key, combination or electrically operated), of base metal; clasps and frames with clasps, incorporating locks, of base metal; keys for any of the foregoing articles, of base metal.",Padlocks
83014090,"Padlocks and locks (key, combination or electrically operated), of base metal; clasps and frames with clasps, incorporating locks, of base metal; keys for any of the foregoing articles, of base metal.",Other locks - Other
83015000,"Padlocks and locks (key, combination or electrically operated), of base metal; clasps and frames with clasps, incorporating locks, of base metal; keys for any of the foregoing articles, of base metal.","Clasps and frames with clasps, incorporating locks"
83025000,"Base metal mountings, fittings and similar articles suitable for furniture, doors, staircases, windows, blinds, coachwork, saddlery, trunks, chests, caskets or the like; base metal hat-racks, hat-pegs, brackets and similar fixtures; castors with mountings of base metal; automatic door closers of base metal.","Hat-racks, hat-pegs, brackets and similar fixtures"
84145110,"Air or vacuum pumps, air or other gas compressors and fans; ventilating or recycling hoods incorporating a fan, whether or not fitted with filters; gas-tight biological safety cabinets, whether or not fitted with filters.","Fans: Table, floor, wall, window, ceiling or roof fans, with a self-contained electric motor of an output not exceeding 125 W - Personal fans, mains powered; Table fans, single or variable speed, oscillating"
84145190,"Air or vacuum pumps, air or other gas compressors and fans; ventilating or recycling hoods incorporating a fan, whether or not fitted with filters; gas-tight biological safety cabinets, whether or not fitted with filters.","Fans: Table, floor, wall, window, ceiling or roof fans, with a self-contained electric motor of an output not exceeding 125 W - Other"
84181010,"Refrigerators, freezers and other refrigerating or freezing equipment, electric or other; heat pumps other than air conditioning machines of heading 84.15.","Combined refrigerator-freezers, fitted with separate external doors or drawers, or combinations thereof - Absorption-type, combination gas and electric powered, designed for permanent installation in recreational vehicles and for use in the manufacture of such vehicles"
84181020,"Refrigerators, freezers and other refrigerating or freezing equipment, electric or other; heat pumps other than air conditioning machines of heading 84.15.","Combined refrigerator-freezers, fitted with separate external doors or drawers, or combinations thereof - Refrigerating-freezing type"
84181090,"Refrigerators, freezers and other refrigerating or freezing equipment, electric or other; heat pumps other than air conditioning machines of heading 84.15.","Combined refrigerator-freezers, fitted with separate external doors or drawers, or combinations thereof - Other"
84182100,"Refrigerators, freezers and other refrigerating or freezing equipment, electric or other; heat pumps other than air conditioning machines of heading 84.15.","Refrigerators, household type: Compression-type"
84182900,"Refrigerators, freezers and other refrigerating or freezing equipment, electric or other; heat pumps other than air conditioning machines of heading 84.15.","Refrigerators, household type: Other"
84183010,"Refrigerators, freezers and other refrigerating or freezing equipment, electric or other; heat pumps other than air conditioning machines of heading 84.15.","Freezers of the chest type, not exceeding 800 litres capacity - Household type"
84183090,"Refrigerators, freezers and other refrigerating or freezing equipment, electric or other; heat pumps other than air conditioning machines of heading 84.15.","Freezers of the chest type, not exceeding 800 litres capacity - Other"
84184010,"Refrigerators, freezers and other refrigerating or freezing equipment, electric or other; heat pumps other than air conditioning machines of heading 84.15.","Freezers of the upright type, not exceeding 900 litres capacity - Blood bank type; Household type; With minimum temperature capability to -85°C at 30°C ambient"
84184090,"Refrigerators, freezers and other refrigerating or freezing equipment, electric or other; heat pumps other than air conditioning machines of heading 84.15.","Freezers of the upright type, not exceeding 900 litres capacity - Other"
84185010,"Refrigerators, freezers and other refrigerating or freezing equipment, electric or other; heat pumps other than air conditioning machines of heading 84.15.","Other furniture (chests, cabinets, display counters, showcases and the like) for storage and display, incorporating refrigerating or freezing equipment - Refrigerating or refrigerating-freezing type"
84186990,"Refrigerators, freezers and other refrigerating or freezing equipment, electric or other; heat pumps other than air conditioning machines of heading 84.15.",Other refrigerating or freezing equipment; heat pumps: Other - Other
84198100,"Machinery, plant or laboratory equipment, whether or not electrically heated (excluding furnaces, ovens and other equipment of heading 85.14), for the treatment of materials by a process involving a change of temperature such as heating, cooking, roasting, distilling, rectifying, sterilizing, pasteurizing, steaming, drying, evaporating, vaporizing, condensing or cooling, other than machinery or plant of a kind used for domestic purposes; instantaneous or storage water heaters, non-electric.","Other machinery, plant and equipment: For making hot drinks or for cooking or heating food"
84221110,"Dish washing machines; machinery for cleaning or drying bottles or other containers; machinery for filling, closing, sealing, or labelling bottles, cans, boxes, bags or other containers; machinery for capsuling bottles, jars, tubes and similar containers; other packing or wrapping machinery (including heat-shrink wrapping machinery); machinery for aerating beverages.","Dish washing machines: Of the household type - Counter-top, electric; Portable, of a width not exceeding 46 cm"
84221190,"Dish washing machines; machinery for cleaning or drying bottles or other containers; machinery for filling, closing, sealing, or labelling bottles, cans, boxes, bags or other containers; machinery for capsuling bottles, jars, tubes and similar containers; other packing or wrapping machinery (including heat-shrink wrapping machinery); machinery for aerating beverages.",Dish washing machines: Of the household type - Other
84302000,"Other moving, grading, levelling, scraping, excavating, tamping, compacting, extracting or boring machinery, for earth, minerals or ores; pile-drivers and pile-extractors; snow-ploughs and snow-blowers.",Snow-ploughs and snow-blowers
84331100,"Harvesting or threshing machinery, including straw or fodder balers; grass or hay mowers; machines for cleaning, sorting or grading eggs, fruit or other agricultural produce, other than machinery of heading 84.37.","Mowers for lawns, parks or sports-grounds: Powered, with the cutting device rotating in a horizontal plane"
84331900,"Harvesting or threshing machinery, including straw or fodder balers; grass or hay mowers; machines for cleaning, sorting or grading eggs, fruit or other agricultural produce, other than machinery of heading 84.37.","Mowers for lawns, parks or sports-grounds: Other"
84332000,"Harvesting or threshing machinery, including straw or fodder balers; grass or hay mowers; machines for cleaning, sorting or grading eggs, fruit or other agricultural produce, other than machinery of heading 84.37.","Other mowers, including cutter bars for tractor mounting"
84501110,"Household or laundry-type washing machines, including machines which both wash and dry.","Machines, each of a dry linen capacity not exceeding 10 kg: Fully-automatic machines - Household type, not including machines which both wash and dry"
84501190,"Household or laundry-type washing machines, including machines which both wash and dry.","Machines, each of a dry linen capacity not exceeding 10 kg: Fully-automatic machines - Other"
84501200,"Household or laundry-type washing machines, including machines which both wash and dry.","Machines, each of a dry linen capacity not exceeding 10 kg: Other machines, with built-in centrifugal dryer"
84501900,"Household or laundry-type washing machines, including machines which both wash and dry.","Machines, each of a dry linen capacity not exceeding 10 kg: Other"
84502000,"Household or laundry-type washing machines, including machines which both wash and dry.","Machines, each of a dry linen capacity exceeding 10 kg"
84512100,"Machinery (other than machines of heading 84.50) for washing, cleaning, wringing, drying, ironing, pressing (including fusing presses), bleaching, dyeing, dressing, finishing, coating or impregnating textile yarns, fabrics or made up textile articles and machines for applying the paste to the base fabric or other support used in the manufacture of floor coverings such as linoleum; machines for reeling, unreeling, folding, cutting or pinking textile fabrics.",Drying machines: Each of a dry linen capacity not exceeding 10 kg
84512900,"Machinery (other than machines of heading 84.50) for washing, cleaning, wringing, drying, ironing, pressing (including fusing presses), bleaching, dyeing, dressing, finishing, coating or impregnating textile yarns, fabrics or made up textile articles and machines for applying the paste to the base fabric or other support used in the manufacture of floor coverings such as linoleum; machines for reeling, unreeling, folding, cutting or pinking textile fabrics.",Drying machines: Other
84671100,"Tools for working in the hand, pneumatic, hydraulic or with self-contained electric or non-electric motor.",Pneumatic: Rotary type (including combined rotary-percussion)
84671900,"Tools for working in the hand, pneumatic, hydraulic or with self-contained electric or non-electric motor.",Pneumatic: Other
84672100,"Tools for working in the hand, pneumatic, hydraulic or with self-contained electric or non-electric motor.",With self-contained electric motor: Drills of all kinds
84672200,"Tools for working in the hand, pneumatic, hydraulic or with self-contained electric or non-electric motor.",With self-contained electric motor: Saws
84672900,"Tools for working in the hand, pneumatic, hydraulic or with self-contained electric or non-electric motor.",With self-contained electric motor: Other
84678100,"Tools for working in the hand, pneumatic, hydraulic or with self-contained electric or non-electric motor.",Other tools: Chain saws
84678900,"Tools for working in the hand, pneumatic, hydraulic or with self-contained electric or non-electric motor.",Other tools: Other
85081100,Vacuum cleaners.,"With self-contained electric motor: Of a power not exceeding 1,500 W and having a dust bag or other receptacle capacity not exceeding 20 litres"
85081900,Vacuum cleaners.,With self-contained electric motor: Other
85086000,Vacuum cleaners.,Other vacuum cleaners
85094010,"Electro-mechanical domestic appliances, with self-contained electric motor, other than vacuum cleaners of heading 85.08.",Food grinders and mixers; fruit or vegetable juice extractors - Grape crushers for domestic purposes
85094090,"Electro-mechanical domestic appliances, with self-contained electric motor, other than vacuum cleaners of heading 85.08.",Food grinders and mixers; fruit or vegetable juice extractors - Other
85098010,"Electro-mechanical domestic appliances, with self-contained electric motor, other than vacuum cleaners of heading 85.08.",Other appliances - Ultrasonic vaporizers
85098090,"Electro-mechanical domestic appliances, with self-contained electric motor, other than vacuum cleaners of heading 85.08.",Other appliances - Other
85101000,"Shavers, hair clippers and hair-removing appliances, with self-contained electric motor.",Shavers
85102010,"Shavers, hair clippers and hair-removing appliances, with self-contained electric motor.","Hair clippers - For cutting pet hair; Alternating current-powered, for cutting human hair"
85102090,"Shavers, hair clippers and hair-removing appliances, with self-contained electric motor.",Hair clippers - Other
85103000,"Shavers, hair clippers and hair-removing appliances, with self-contained electric motor.",Hair-removing appliances
85163100,"Electric instantaneous or storage water heaters and immersion heaters; electric space heating apparatus and soil heating apparatus; electro-thermic hair-dressing apparatus (for example, hair dryers, hair curlers, curling tong heaters) and hand dryers; electric smoothing irons; other electro-thermic appliances of a kind used for domestic purposes; electric heating resistors, other than those of heading 85.45.",Electro-thermic hair-dressing or hand-drying apparatus: Hair dryers
85163210,"Electric instantaneous or storage water heaters and immersion heaters; electric space heating apparatus and soil heating apparatus; electro-thermic hair-dressing apparatus (for example, hair dryers, hair curlers, curling tong heaters) and hand dryers; electric smoothing irons; other electro-thermic appliances of a kind used for domestic purposes; electric heating resistors, other than those of heading 85.45.",Electro-thermic hair-dressing or hand-drying apparatus: Other hair-dressing apparatus - Curling irons
85163290,"Electric instantaneous or storage water heaters and immersion heaters; electric space heating apparatus and soil heating apparatus; electro-thermic hair-dressing apparatus (for example, hair dryers, hair curlers, curling tong heaters) and hand dryers; electric smoothing irons; other electro-thermic appliances of a kind used for domestic purposes; electric heating resistors, other than those of heading 85.45.",Electro-thermic hair-dressing or hand-drying apparatus: Other hair-dressing apparatus - Other
85163310,"Electric instantaneous or storage water heaters and immersion heaters; electric space heating apparatus and soil heating apparatus; electro-thermic hair-dressing apparatus (for example, hair dryers, hair curlers, curling tong heaters) and hand dryers; electric smoothing irons; other electro-thermic appliances of a kind used for domestic purposes; electric heating resistors, other than those of heading 85.45.",Electro-thermic hair-dressing or hand-drying apparatus: Hand-drying apparatus - Wall mounted
85164000,"Electric instantaneous or storage water heaters and immersion heaters; electric space heating apparatus and soil heating apparatus; electro-thermic hair-dressing apparatus (for example, hair dryers, hair curlers, curling tong heaters) and hand dryers; electric smoothing irons; other electro-thermic appliances of a kind used for domestic purposes; electric heating resistors, other than those of heading 85.45.",Electric smoothing irons
85165000,"Electric instantaneous or storage water heaters and immersion heaters; electric space heating apparatus and soil heating apparatus; electro-thermic hair-dressing apparatus (for example, hair dryers, hair curlers, curling tong heaters) and hand dryers; electric smoothing irons; other electro-thermic appliances of a kind used for domestic purposes; electric heating resistors, other than those of heading 85.45.",Microwave ovens
85166010,"Electric instantaneous or storage water heaters and immersion heaters; electric space heating apparatus and soil heating apparatus; electro-thermic hair-dressing apparatus (for example, hair dryers, hair curlers, curling tong heaters) and hand dryers; electric smoothing irons; other electro-thermic appliances of a kind used for domestic purposes; electric heating resistors, other than those of heading 85.45.","Other ovens; cookers, cooking plates, boiling rings, grillers and roasters - Bread makers; Indoor smokeless barbecues; Rice cookers"
85166020,"Electric instantaneous or storage water heaters and immersion heaters; electric space heating apparatus and soil heating apparatus; electro-thermic hair-dressing apparatus (for example, hair dryers, hair curlers, curling tong heaters) and hand dryers; electric smoothing irons; other electro-thermic appliances of a kind used for domestic purposes; electric heating resistors, other than those of heading 85.45.","Other ovens; cookers, cooking plates, boiling rings, grillers and roasters - Ovens, cooking stoves and ranges"
85166090,"Electric instantaneous or storage water heaters and immersion heaters; electric space heating apparatus and soil heating apparatus; electro-thermic hair-dressing apparatus (for example, hair dryers, hair curlers, curling tong heaters) and hand dryers; electric smoothing irons; other electro-thermic appliances of a kind used for domestic purposes; electric heating resistors, other than those of heading 85.45.","Other ovens; cookers, cooking plates, boiling rings, grillers and roasters - Other"
85167110,"Electric instantaneous or storage water heaters and immersion heaters; electric space heating apparatus and soil heating apparatus; electro-thermic hair-dressing apparatus (for example, hair dryers, hair curlers, curling tong heaters) and hand dryers; electric smoothing irons; other electro-thermic appliances of a kind used for domestic purposes; electric heating resistors, other than those of heading 85.45.",Other electro-thermic appliances: Coffee or tea makers - Coffee makers
85167120,"Electric instantaneous or storage water heaters and immersion heaters; electric space heating apparatus and soil heating apparatus; electro-thermic hair-dressing apparatus (for example, hair dryers, hair curlers, curling tong heaters) and hand dryers; electric smoothing irons; other electro-thermic appliances of a kind used for domestic purposes; electric heating resistors, other than those of heading 85.45.",Other electro-thermic appliances: Coffee or tea makers - Tea makers
85167210,"Electric instantaneous or storage water heaters and immersion heaters; electric space heating apparatus and soil heating apparatus; electro-thermic hair-dressing apparatus (for example, hair dryers, hair curlers, curling tong heaters) and hand dryers; electric smoothing irons; other electro-thermic appliances of a kind used for domestic purposes; electric heating resistors, other than those of heading 85.45.",Other electro-thermic appliances: Toasters - Automatic
85167290,"Electric instantaneous or storage water heaters and immersion heaters; electric space heating apparatus and soil heating apparatus; electro-thermic hair-dressing apparatus (for example, hair dryers, hair curlers, curling tong heaters) and hand dryers; electric smoothing irons; other electro-thermic appliances of a kind used for domestic purposes; electric heating resistors, other than those of heading 85.45.",Other electro-thermic appliances: Toasters - Other
85167910,"Electric instantaneous or storage water heaters and immersion heaters; electric space heating apparatus and soil heating apparatus; electro-thermic hair-dressing apparatus (for example, hair dryers, hair curlers, curling tong heaters) and hand dryers; electric smoothing irons; other electro-thermic appliances of a kind used for domestic purposes; electric heating resistors, other than those of heading 85.45.",Other electro-thermic appliances: Other - Fabric steamers
85167990,"Electric instantaneous or storage water heaters and immersion heaters; electric space heating apparatus and soil heating apparatus; electro-thermic hair-dressing apparatus (for example, hair dryers, hair curlers, curling tong heaters) and hand dryers; electric smoothing irons; other electro-thermic appliances of a kind used for domestic purposes; electric heating resistors, other than those of heading 85.45.",Other electro-thermic appliances: Other - Other
85168000,"Electric instantaneous or storage water heaters and immersion heaters; electric space heating apparatus and soil heating apparatus; electro-thermic hair-dressing apparatus (for example, hair dryers, hair curlers, curling tong heaters) and hand dryers; electric smoothing irons; other electro-thermic appliances of a kind used for domestic purposes; electric heating resistors, other than those of heading 85.45.",Electric heating resistors
85434000,"Electrical machines and apparatus, having individual functions, not specified or included elsewhere in this Chapter.",Electronic cigarettes and similar personal electric vaporising devices
87111000,"Motorcycles (including mopeds) and cycles fitted with an auxiliary motor, with or without side-cars; side-cars.",With internal combustion piston engine of a cylinder capacity not exceeding 50 cc
87112000,"Motorcycles (including mopeds) and cycles fitted with an auxiliary motor, with or without side-cars; side-cars.",With internal combustion piston engine of a cylinder capacity exceeding 50 cc but not exceeding 250 cc
87113000,"Motorcycles (including mopeds) and cycles fitted with an auxiliary motor, with or without side-cars; side-cars.",With internal combustion piston engine of a cylinder capacity exceeding 250 cc but not exceeding 500 cc
87114000,"Motorcycles (including mopeds) and cycles fitted with an auxiliary motor, with or without side-cars; side-cars.",With internal combustion piston engine of a cylinder capacity exceeding 500 cc but not exceeding 800 cc
87115000,"Motorcycles (including mopeds) and cycles fitted with an auxiliary motor, with or without side-cars; side-cars.",With internal combustion piston engine of a cylinder capacity exceeding 800 cc
87116000,"Motorcycles (including mopeds) and cycles fitted with an auxiliary motor, with or without side-cars; side-cars.",With electric motor for propulsion
87119000,"Motorcycles (including mopeds) and cycles fitted with an auxiliary motor, with or without side-cars; side-cars.",Other
88061000,Unmanned aircraft.,Designed for the carriage of passengers
88062100,Unmanned aircraft.,"Other, for remote-controlled flight only: With maximum take-off weight not more than 250 g"
88062200,Unmanned aircraft.,"Other, for remote-controlled flight only: With maximum take-off weight more than 250 g but not more than 7 kg"
88062300,Unmanned aircraft.,"Other, for remote-controlled flight only: With maximum take-off weight more than 7 kg but not more than 25 kg"
88062400,Unmanned aircraft.,"Other, for remote-controlled flight only: With maximum take-off weight more than 25 kg but not more than 150 kg"
88062900,Unmanned aircraft.,"Other, for remote-controlled flight only: Other"
88069100,Unmanned aircraft.,Other: With maximum take-off weight not more than 250 g
88069200,Unmanned aircraft.,Other: With maximum take-off weight more than 250 g but not more than 7 kg
88069300,Unmanned aircraft.,Other: With maximum take-off weight more than 7 kg but not more than 25 kg
88069400,Unmanned aircraft.,Other: With maximum take-off weight more than 25 kg but not more than 150 kg
88069900,Unmanned aircraft.,Other: Other
93020000,"Revolvers and pistols, other than those of heading 93.03 or 93.04.",
93031000,"Other firearms and similar devices which operate by the firing of an explosive charge (for example, sporting shotguns and rifles, muzzle-loading firearms, Very pistols and other devices designed to project only signal flares, pistols and revolvers for firing blank ammunition, captive-bolt humane killers, line-throwing guns).",Muzzle-loading firearms
93032010,"Other firearms and similar devices which operate by the firing of an explosive charge (for example, sporting shotguns and rifles, muzzle-loading firearms, Very pistols and other devices designed to project only signal flares, pistols and revolvers for firing blank ammunition, captive-bolt humane killers, line-throwing guns).","Other sporting, hunting or target-shooting shotguns, including combination shotgun-rifles - Pump or slide-action shotguns"
93032090,"Other firearms and similar devices which operate by the firing of an explosive charge (for example, sporting shotguns and rifles, muzzle-loading firearms, Very pistols and other devices designed to project only signal flares, pistols and revolvers for firing blank ammunition, captive-bolt humane killers, line-throwing guns).","Other sporting, hunting or target-shooting shotguns, including combination shotgun-rifles - Other"
93033010,"Other firearms and similar devices which operate by the firing of an explosive charge (for example, sporting shotguns and rifles, muzzle-loading firearms, Very pistols and other devices designed to project only signal flares, pistols and revolvers for firing blank ammunition, captive-bolt humane killers, line-throwing guns).","Other sporting, hunting or target-shooting rifles - Bolt-action or semi-automatic .22 calibre rimfire rifles, excluding target shooting rifles"
93033090,"Other firearms and similar devices which operate by the firing of an explosive charge (for example, sporting shotguns and rifles, muzzle-loading firearms, Very pistols and other devices designed to project only signal flares, pistols and revolvers for firing blank ammunition, captive-bolt humane killers, line-throwing guns).","Other sporting, hunting or target-shooting rifles - Other"
93039010,"Other firearms and similar devices which operate by the firing of an explosive charge (for example, sporting shotguns and rifles, muzzle-loading firearms, Very pistols and other devices designed to project only signal flares, pistols and revolvers for firing blank ammunition, captive-bolt humane killers, line-throwing guns).",Other - Apparatus for the destruction of predatory animals by the discharge of poisonous cartridges; Automatic explosive bird-scaring devices
93039090,"Other firearms and similar devices which operate by the firing of an explosive charge (for example, sporting shotguns and rifles, muzzle-loading firearms, Very pistols and other devices designed to project only signal flares, pistols and revolvers for firing blank ammunition, captive-bolt humane killers, line-throwing guns).",Other - Other
93040010,"Other arms (for example, spring, air or gas guns and pistols, truncheons), excluding those of heading 93.07.","Guns and pistols, spring or gas"
93040090,"Other arms (for example, spring, air or gas guns and pistols, truncheons), excluding those of heading 93.07.",Other
93062100,"Bombs, grenades, torpedoes, mines, missiles and similar munitions of war and parts thereof; cartridges and other ammunition and projectiles and parts thereof, including shot and cartridge wads.",Shotgun cartridges and parts thereof; air gun pellets: Cartridges
93062900,"Bombs, grenades, torpedoes, mines, missiles and similar munitions of war and parts thereof; cartridges and other ammunition and projectiles and parts thereof, including shot and cartridge wads.",Shotgun cartridges and parts thereof; air gun pellets: Other
93063010,"Bombs, grenades, torpedoes, mines, missiles and similar munitions of war and parts thereof; cartridges and other ammunition and projectiles and parts thereof, including shot and cartridge wads.","Other cartridges and parts thereof - Poisonous cartridges for apparatus for the destruction of predatory animals; Starter cartridges and parts thereof, for diesel or semi-diesel engines; Twin-shot cartridges designed for bird-scaring devices"
93063090,"Bombs, grenades, torpedoes, mines, missiles and similar munitions of war and parts thereof; cartridges and other ammunition and projectiles and parts thereof, including shot and cartridge wads.",Other cartridges and parts thereof - Other
94013110,"Seats (other than those of heading 94.02), whether or not convertible into beds, and parts thereof.",Swivel seats with variable height adjustment: Of wood - For domestic purposes
94013190,"Seats (other than those of heading 94.02), whether or not convertible into beds, and parts thereof.",Swivel seats with variable height adjustment: Of wood - Other
94013910,"Seats (other than those of heading 94.02), whether or not convertible into beds, and parts thereof.",Swivel seats with variable height adjustment: Other - For domestic purposes
94013990,"Seats (other than those of heading 94.02), whether or not convertible into beds, and parts thereof.",Swivel seats with variable height adjustment: Other - Other
94014100,"Seats (other than those of heading 94.02), whether or not convertible into beds, and parts thereof.","Seats other than garden seats or camping equipment, convertible into beds: Of wood"
94014900,"Seats (other than those of heading 94.02), whether or not convertible into beds, and parts thereof.","Seats other than garden seats or camping equipment, convertible into beds: Other"
94015210,"Seats (other than those of heading 94.02), whether or not convertible into beds, and parts thereof.","Seats of cane, osier, bamboo or similar materials: Of bamboo - Unfinished and unassembled, for use in the manufacture of furniture of bamboo"
94015290,"Seats (other than those of heading 94.02), whether or not convertible into beds, and parts thereof.","Seats of cane, osier, bamboo or similar materials: Of bamboo - Other"
94015310,"Seats (other than those of heading 94.02), whether or not convertible into beds, and parts thereof.","Seats of cane, osier, bamboo or similar materials: Of rattan - Unfinished and unassembled, for use in the manufacture of furniture of rattan"
94015390,"Seats (other than those of heading 94.02), whether or not convertible into beds, and parts thereof.","Seats of cane, osier, bamboo or similar materials: Of rattan - Other"
94015910,"Seats (other than those of heading 94.02), whether or not convertible into beds, and parts thereof.","Seats of cane, osier, bamboo or similar materials: Other - Unfinished and unassembled, for use in the manufacture of furniture of bamboo or rattan"
94015990,"Seats (other than those of heading 94.02), whether or not convertible into beds, and parts thereof.","Seats of cane, osier, bamboo or similar materials: Other - Other"
94016110,"Seats (other than those of heading 94.02), whether or not convertible into beds, and parts thereof.","Other seats, with wooden frames: Upholstered - For domestic purposes"
94016190,"Seats (other than those of heading 94.02), whether or not convertible into beds, and parts thereof.","Other seats, with wooden frames: Upholstered - Other"
94016910,"Seats (other than those of heading 94.02), whether or not convertible into beds, and parts thereof.","Other seats, with wooden frames: Other - For domestic purposes"
94016990,"Seats (other than those of heading 94.02), whether or not convertible into beds, and parts thereof.","Other seats, with wooden frames: Other - Other"
94017110,"Seats (other than those of heading 94.02), whether or not convertible into beds, and parts thereof.","Other seats, with metal frames: Upholstered - For domestic purposes"
94017190,"Seats (other than those of heading 94.02), whether or not convertible into beds, and parts thereof.","Other seats, with metal frames: Upholstered - Other"
94017910,"Seats (other than those of heading 94.02), whether or not convertible into beds, and parts thereof.","Other seats, with metal frames: Other - For domestic purposes"
94017990,"Seats (other than those of heading 94.02), whether or not convertible into beds, and parts thereof.","Other seats, with metal frames: Other - Other"
94018010,"Seats (other than those of heading 94.02), whether or not convertible into beds, and parts thereof.",Other seats - For domestic purposes
94018090,"Seats (other than those of heading 94.02), whether or not convertible into beds, and parts thereof.",Other seats - Other
94031000,Other furniture and parts thereof.,Metal furniture of a kind used in offices
94032000,Other furniture and parts thereof.,Other metal furniture
94033000,Other furniture and parts thereof.,Wooden furniture of a kind used in offices
94034000,Other furniture and parts thereof.,Wooden furniture of a kind used in the kitchen
94035000,Other furniture and parts thereof.,Wooden furniture of a kind used in the bedroom
94036010,Other furniture and parts thereof.,Other wooden furniture - For domestic purposes
94036090,Other furniture and parts thereof.,Other wooden furniture - Other
94037010,Other furniture and parts thereof.,Furniture of plastics - For domestic purposes
94037090,Other furniture and parts thereof.,Furniture of plastics - Other
94038211,Other furniture and parts thereof.,"Furniture of other materials, including cane, osier, bamboo or similar materials: Of bamboo - For domestic purposes: Unfinished and unassembled, for use in the manufacture of furniture of bamboo"
94038219,Other furniture and parts thereof.,"Furniture of other materials, including cane, osier, bamboo or similar materials: Of bamboo - For domestic purposes: Other"
94038290,Other furniture and parts thereof.,"Furniture of other materials, including cane, osier, bamboo or similar materials: Of bamboo - Other"
94038311,Other furniture and parts thereof.,"Furniture of other materials, including cane, osier, bamboo or similar materials: Of rattan - For domestic purposes: Unfinished and unassembled, for use in the manufacture of furniture of rattan"
94038319,Other furniture and parts thereof.,"Furniture of other materials, including cane, osier, bamboo or similar materials: Of rattan - For domestic purposes: Other"
94038390,Other furniture and parts thereof.,"Furniture of other materials, including cane, osier, bamboo or similar materials: Of rattan - Other"
94038911,Other furniture and parts thereof.,"Furniture of other materials, including cane, osier, bamboo or similar materials: Other - For domestic purposes: Unfinished and unassembled, for use in the manufacture of furniture of bamboo or rattan"
94038919,Other furniture and parts thereof.,"Furniture of other materials, including cane, osier, bamboo or similar materials: Other - For domestic purposes: Other"
94038990,Other furniture and parts thereof.,"Furniture of other materials, including cane, osier, bamboo or similar materials: Other - Other"
94041000,"Mattress supports; articles of bedding and similar furnishing (for example, mattresses, quilts, eiderdowns, cushions, pouffes and pillows) fitted with springs or stuffed or internally fitted with any material or of cellular rubber or plastics, whether or not covered.",Mattress supports
94042100,"Mattress supports; articles of bedding and similar furnishing (for example, mattresses, quilts, eiderdowns, cushions, pouffes and pillows) fitted with springs or stuffed or internally fitted with any material or of cellular rubber or plastics, whether or not covered.","Mattresses: Of cellular rubber or plastics, whether or not covered"
94042900,"Mattress supports; articles of bedding and similar furnishing (for example, mattresses, quilts, eiderdowns, cushions, pouffes and pillows) fitted with springs or stuffed or internally fitted with any material or of cellular rubber or plastics, whether or not covered.",Mattresses: Of other materials
94044000,"Mattress supports; articles of bedding and similar furnishing (for example, mattresses, quilts, eiderdowns, cushions, pouffes and pillows) fitted with springs or stuffed or internally fitted with any material or of cellular rubber or plastics, whether or not covered.","Quilts, bedspreads, eiderdowns and duvets (comforters)"
94049010,"Mattress supports; articles of bedding and similar furnishing (for example, mattresses, quilts, eiderdowns, cushions, pouffes and pillows) fitted with springs or stuffed or internally fitted with any material or of cellular rubber or plastics, whether or not covered.","Other - Pillows, cushions and similar furnishings, of cotton"
94049090,"Mattress supports; articles of bedding and similar furnishing (for example, mattresses, quilts, eiderdowns, cushions, pouffes and pillows) fitted with springs or stuffed or internally fitted with any material or of cellular rubber or plastics, whether or not covered.",Other - Other
94051100,"Luminaires and lighting fittings including searchlights and spotlights and parts thereof, not elsewhere specified or included; illuminated signs, illuminated name-plates and the like, having a permanently fixed light source, and parts thereof not elsewhere specified or included.","Chandeliers and other electric ceiling or wall lighting fittings, excluding those of a kind used for lighting public open spaces or thoroughfares: Designed for use solely with light-emitting diode (LED) light sources"
94051900,"Luminaires and lighting fittings including searchlights and spotlights and parts thereof, not elsewhere specified or included; illuminated signs, illuminated name-plates and the like, having a permanently fixed light source, and parts thereof not elsewhere specified or included.","Chandeliers and other electric ceiling or wall lighting fittings, excluding those of a kind used for lighting public open spaces or thoroughfares: Other"
94052100,"Luminaires and lighting fittings including searchlights and spotlights and parts thereof, not elsewhere specified or included; illuminated signs, illuminated name-plates and the like, having a permanently fixed light source, and parts thereof not elsewhere specified or included.","Electric table, desk, bedside or floor-standing luminaires: Designed for use solely with light-emitting diode (LED) light sources"
94052900,"Luminaires and lighting fittings including searchlights and spotlights and parts thereof, not elsewhere specified or included; illuminated signs, illuminated name-plates and the like, having a permanently fixed light source, and parts thereof not elsewhere specified or included.","Electric table, desk, bedside or floor-standing luminaires: Other"
94053100,"Luminaires and lighting fittings including searchlights and spotlights and parts thereof, not elsewhere specified or included; illuminated signs, illuminated name-plates and the like, having a permanently fixed light source, and parts thereof not elsewhere specified or included.",Lighting strings of a kind used for Christmas trees: Designed for use solely with light-emitting diode (LED) light sources
94053900,"Luminaires and lighting fittings including searchlights and spotlights and parts thereof, not elsewhere specified or included; illuminated signs, illuminated name-plates and the like, having a permanently fixed light source, and parts thereof not elsewhere specified or included.",Lighting strings of a kind used for Christmas trees: Other
94054100,"Luminaires and lighting fittings including searchlights and spotlights and parts thereof, not elsewhere specified or included; illuminated signs, illuminated name-plates and the like, having a permanently fixed light source, and parts thereof not elsewhere specified or included.","Other electric luminaires and lighting fittings: Photovoltaic, designed for use solely with light-emitting diode (LED) light sources"
94054210,"Luminaires and lighting fittings including searchlights and spotlights and parts thereof, not elsewhere specified or included; illuminated signs, illuminated name-plates and the like, having a permanently fixed light source, and parts thereof not elsewhere specified or included.","Other electric luminaires and lighting fittings: Other, designed for use solely with light-emitting diode (LED) light sources - Motion picture or theatrical spotlights"
94054290,"Luminaires and lighting fittings including searchlights and spotlights and parts thereof, not elsewhere specified or included; illuminated signs, illuminated name-plates and the like, having a permanently fixed light source, and parts thereof not elsewhere specified or included.","Other electric luminaires and lighting fittings: Other, designed for use solely with light-emitting diode (LED) light sources - Other"
94054910,"Luminaires and lighting fittings including searchlights and spotlights and parts thereof, not elsewhere specified or included; illuminated signs, illuminated name-plates and the like, having a permanently fixed light source, and parts thereof not elsewhere specified or included.",Other electric luminaires and lighting fittings: Other - Xenon type
94054920,"Luminaires and lighting fittings including searchlights and spotlights and parts thereof, not elsewhere specified or included; illuminated signs, illuminated name-plates and the like, having a permanently fixed light source, and parts thereof not elsewhere specified or included.",Other electric luminaires and lighting fittings: Other - Motion picture or theatrical spotlights
94054990,"Luminaires and lighting fittings including searchlights and spotlights and parts thereof, not elsewhere specified or included; illuminated signs, illuminated name-plates and the like, having a permanently fixed light source, and parts thereof not elsewhere specified or included.",Other electric luminaires and lighting fittings: Other - Other
94055010,"Luminaires and lighting fittings including searchlights and spotlights and parts thereof, not elsewhere specified or included; illuminated signs, illuminated name-plates and the like, having a permanently fixed light source, and parts thereof not elsewhere specified or included.",Non-electrical lamps and lighting fittings - Candlesticks and candelabras
94055090,"Luminaires and lighting fittings including searchlights and spotlights and parts thereof, not elsewhere specified or included; illuminated signs, illuminated name-plates and the like, having a permanently fixed light source, and parts thereof not elsewhere specified or included.",Non-electrical lamps and lighting fittings - Other
95043000,"Video game consoles and machines, table or parlour games, including pintables, billiards, special tables for casino games and automatic bowling equipment, amusement machines operated by coins, bank notes, bank cards, tokens or by any other means of payment.","Other games, operated by coins, banknotes, bank cards, tokens or by other means of payment, other than automatic bowling alley equipment"
95044000,"Video game consoles and machines, table or parlour games, including pintables, billiards, special tables for casino games and automatic bowling equipment, amusement machines operated by coins, bank notes, bank cards, tokens or by any other means of payment.",Playing cards
96131000,"Cigarette lighters and other lighters, whether or not mechanical or electrical, and parts thereof other than flints and wicks.","Pocket lighters, gas fuelled, non-refillable"
96132000,"Cigarette lighters and other lighters, whether or not mechanical or electrical, and parts thereof other than flints and wicks.","Pocket lighters, gas fuelled, refillable"
97019110,"Paintings, drawings and pastels, executed entirely by hand, other than drawings of heading 49.06 and other than hand-painted or hand-decorated manufactured articles; collages, mosaics and similar decorative plaques.","Other: Paintings, drawings and pastels - Originals by artists"
,,
,,Note:  The General Tariff rate that applies to goods of this tariff item is the Most-Favoured-Nation Tariff rate.
